loan_id,cohort_period,label_type,label_date,gross_exposure_amount,recovery_amount,net_loss_amount,label_source
LN-202605-000061,2026-05,FIRST_PARTY_FRAUD,2026-07-30,3780.77,831.35,2949.42,SAR_FILED
LN-202605-000106,2026-05,THIRD_PARTY_SYNTHETIC,2026-07-17,5221.36,625.39,4595.97,CHARGEOFF_FILE
LN-202605-000250,2026-05,THIRD_PARTY_SYNTHETIC,2026-07-17,8247.21,1428.67,6818.54,CHARGEOFF_FILE
LN-202605-000255,2026-05,IDENTITY_THEFT,2026-07-28,10473.13,1798.30,8674.83,SAR_FILED
LN-202605-000329,2026-05,IDENTITY_THEFT,2026-07-30,6005.48,347.45,5658.02,MANUAL_INVESTIGATION
LN-202605-000330,2026-05,THIRD_PARTY_SYNTHETIC,2026-08-19,8582.97,1035.47,7547.50,MANUAL_INVESTIGATION
LN-202605-000340,2026-05,IDENTITY_THEFT,2026-08-12,2840.46,451.61,2388.84,CHARGEOFF_FILE
LN-202605-000360,2026-05,IDENTITY_THEFT,2026-07-11,6039.34,1024.73,5014.61,MANUAL_INVESTIGATION
LN-202605-000565,2026-05,IDENTITY_THEFT,2026-07-29,4699.22,688.52,4010.70,SAR_FILED
LN-202605-000571,2026-05,THIRD_PARTY_SYNTHETIC,2026-07-27,3950.03,626.25,3323.78,SAR_FILED
LN-202605-000581,2026-05,IDENTITY_THEFT,2026-07-31,11075.76,1719.85,9355.91,CHARGEOFF_FILE
LN-202605-000633,2026-05,IDENTITY_THEFT,2026-07-26,9307.12,1466.31,7840.81,MANUAL_INVESTIGATION
LN-202605-000672,2026-05,IDENTITY_THEFT,2026-07-21,11398.29,1947.03,9451.26,MANUAL_INVESTIGATION
LN-202605-000681,2026-05,THIRD_PARTY_SYNTHETIC,2026-07-15,3596.76,679.66,2917.10,MANUAL_INVESTIGATION
LN-202605-000690,2026-05,IDENTITY_THEFT,2026-08-04,4960.14,907.41,4052.73,CHARGEOFF_FILE
LN-202605-000707,2026-05,FIRST_PARTY_FRAUD,2026-08-16,13206.27,439.15,12767.12,MANUAL_INVESTIGATION
LN-202605-000714,2026-05,THIRD_PARTY_SYNTHETIC,2026-08-01,9153.05,1450.88,7702.18,MANUAL_INVESTIGATION
LN-202605-000874,2026-05,IDENTITY_THEFT,2026-08-14,11664.47,556.55,11107.93,MANUAL_INVESTIGATION
LN-202605-000897,2026-05,THIRD_PARTY_SYNTHETIC,2026-08-04,11838.46,714.33,11124.13,CHARGEOFF_FILE
LN-202605-001058,2026-05,IDENTITY_THEFT,2026-08-19,3326.49,612.63,2713.87,CHARGEOFF_FILE
LN-202605-001194,2026-05,FIRST_PARTY_FRAUD,2026-08-04,10318.20,1883.40,8434.80,MANUAL_INVESTIGATION
LN-202605-001293,2026-05,THIRD_PARTY_SYNTHETIC,2026-08-03,5603.51,769.40,4834.11,CHARGEOFF_FILE
LN-202605-001386,2026-05,IDENTITY_THEFT,2026-08-02,5991.87,949.83,5042.04,SAR_FILED
LN-202605-001487,2026-05,FIRST_PARTY_FRAUD,2026-08-02,3983.17,483.06,3500.12,MANUAL_INVESTIGATION
LN-202605-001781,2026-05,IDENTITY_THEFT,2026-07-24,13395.54,2988.04,10407.51,CHARGEOFF_FILE
LN-202605-001896,2026-05,FIRST_PARTY_FRAUD,2026-08-10,3906.54,25.75,3880.79,SAR_FILED
LN-202605-002110,2026-05,IDENTITY_THEFT,2026-07-24,10832.94,161.93,10671.01,CHARGEOFF_FILE
LN-202605-002170,2026-05,IDENTITY_THEFT,2026-07-17,5043.61,646.72,4396.89,CHARGEOFF_FILE
LN-202605-002289,2026-05,THIRD_PARTY_SYNTHETIC,2026-08-10,8484.33,23.21,8461.12,SAR_FILED
LN-202605-002364,2026-05,IDENTITY_THEFT,2026-08-03,11410.68,1728.53,9682.15,MANUAL_INVESTIGATION
LN-202605-002430,2026-05,THIRD_PARTY_SYNTHETIC,2026-08-06,8291.32,53.19,8238.13,MANUAL_INVESTIGATION
LN-202605-002515,2026-05,FIRST_PARTY_FRAUD,2026-08-03,8228.52,306.75,7921.77,SAR_FILED
LN-202605-002624,2026-05,THIRD_PARTY_SYNTHETIC,2026-07-23,2325.08,159.15,2165.93,SAR_FILED
LN-202605-002657,2026-05,IDENTITY_THEFT,2026-07-09,10332.42,2055.59,8276.83,MANUAL_INVESTIGATION
LN-202605-002680,2026-05,THIRD_PARTY_SYNTHETIC,2026-07-18,13262.67,2725.23,10537.44,SAR_FILED
LN-202605-002709,2026-05,IDENTITY_THEFT,2026-07-17,4545.47,172.54,4372.92,SAR_FILED
LN-202605-002818,2026-05,IDENTITY_THEFT,2026-07-16,4865.09,641.16,4223.94,MANUAL_INVESTIGATION
LN-202605-002821,2026-05,THIRD_PARTY_SYNTHETIC,2026-07-02,12093.62,369.58,11724.04,MANUAL_INVESTIGATION
LN-202605-002838,2026-05,THIRD_PARTY_SYNTHETIC,2026-08-05,8190.40,1916.62,6273.78,MANUAL_INVESTIGATION
LN-202605-002924,2026-05,IDENTITY_THEFT,2026-07-30,5822.28,582.94,5239.34,SAR_FILED
LN-202605-003062,2026-05,THIRD_PARTY_SYNTHETIC,2026-07-25,1923.20,383.15,1540.05,SAR_FILED
LN-202605-003080,2026-05,FIRST_PARTY_FRAUD,2026-08-16,6420.96,1308.73,5112.23,SAR_FILED
LN-202605-003081,2026-05,THIRD_PARTY_SYNTHETIC,2026-08-05,5956.89,686.53,5270.36,SAR_FILED
LN-202605-003143,2026-05,FIRST_PARTY_FRAUD,2026-08-11,6889.72,1189.30,5700.42,CHARGEOFF_FILE
LN-202605-003271,2026-05,THIRD_PARTY_SYNTHETIC,2026-07-31,3017.66,375.05,2642.61,MANUAL_INVESTIGATION
LN-202605-003274,2026-05,IDENTITY_THEFT,2026-07-25,14224.27,3103.64,11120.63,SAR_FILED
LN-202605-003292,2026-05,IDENTITY_THEFT,2026-07-27,7926.16,1899.70,6026.46,SAR_FILED
LN-202605-003340,2026-05,IDENTITY_THEFT,2026-08-02,5013.42,681.30,4332.12,SAR_FILED
LN-202605-003355,2026-05,THIRD_PARTY_SYNTHETIC,2026-08-16,1405.72,309.92,1095.80,MANUAL_INVESTIGATION
LN-202605-003537,2026-05,FIRST_PARTY_FRAUD,2026-08-10,13932.90,2621.58,11311.33,CHARGEOFF_FILE
LN-202605-003574,2026-05,THIRD_PARTY_SYNTHETIC,2026-07-20,9238.03,2078.60,7159.43,SAR_FILED
LN-202605-003633,2026-05,FIRST_PARTY_FRAUD,2026-08-14,7260.15,1491.87,5768.28,SAR_FILED
LN-202605-003692,2026-05,FIRST_PARTY_FRAUD,2026-07-21,8270.09,1277.56,6992.54,CHARGEOFF_FILE
LN-202605-003761,2026-05,IDENTITY_THEFT,2026-07-22,4862.70,802.91,4059.78,CHARGEOFF_FILE
LN-202605-003796,2026-05,IDENTITY_THEFT,2026-07-08,9269.76,2195.50,7074.27,SAR_FILED
LN-202605-003843,2026-05,IDENTITY_THEFT,2026-08-16,5076.38,563.11,4513.27,SAR_FILED
LN-202605-003933,2026-05,FIRST_PARTY_FRAUD,2026-07-31,13625.16,2152.70,11472.46,SAR_FILED
LN-202605-004064,2026-05,IDENTITY_THEFT,2026-07-15,3128.13,522.31,2605.82,MANUAL_INVESTIGATION
LN-202605-004110,2026-05,IDENTITY_THEFT,2026-07-21,3956.10,359.48,3596.62,MANUAL_INVESTIGATION
LN-202605-004241,2026-05,FIRST_PARTY_FRAUD,2026-07-22,6331.94,1296.26,5035.68,CHARGEOFF_FILE
LN-202605-004252,2026-05,FIRST_PARTY_FRAUD,2026-07-21,7522.36,724.47,6797.89,CHARGEOFF_FILE
LN-202605-004290,2026-05,FIRST_PARTY_FRAUD,2026-07-16,2513.42,479.18,2034.23,MANUAL_INVESTIGATION
LN-202605-004327,2026-05,THIRD_PARTY_SYNTHETIC,2026-08-06,7643.97,1604.40,6039.57,CHARGEOFF_FILE
LN-202605-004340,2026-05,FIRST_PARTY_FRAUD,2026-08-18,4795.93,499.74,4296.19,MANUAL_INVESTIGATION
LN-202605-004403,2026-05,THIRD_PARTY_SYNTHETIC,2026-08-09,11587.64,1801.84,9785.80,CHARGEOFF_FILE
LN-202605-004409,2026-05,FIRST_PARTY_FRAUD,2026-07-29,6443.06,485.38,5957.67,SAR_FILED
LN-202605-004554,2026-05,THIRD_PARTY_SYNTHETIC,2026-08-15,3285.87,209.05,3076.83,SAR_FILED
LN-202605-004562,2026-05,THIRD_PARTY_SYNTHETIC,2026-08-07,6426.81,532.95,5893.86,MANUAL_INVESTIGATION
LN-202605-004616,2026-05,FIRST_PARTY_FRAUD,2026-08-04,2181.43,308.78,1872.65,SAR_FILED
LN-202605-004660,2026-05,THIRD_PARTY_SYNTHETIC,2026-07-14,2704.63,340.35,2364.28,SAR_FILED
LN-202605-004730,2026-05,THIRD_PARTY_SYNTHETIC,2026-08-05,9518.30,1184.75,8333.55,MANUAL_INVESTIGATION
LN-202605-004760,2026-05,THIRD_PARTY_SYNTHETIC,2026-08-06,10092.69,1848.03,8244.66,SAR_FILED
LN-202605-004888,2026-05,THIRD_PARTY_SYNTHETIC,2026-07-17,7164.64,353.80,6810.84,SAR_FILED
LN-202605-004923,2026-05,IDENTITY_THEFT,2026-08-16,6337.30,611.25,5726.05,CHARGEOFF_FILE
LN-202605-005035,2026-05,FIRST_PARTY_FRAUD,2026-08-11,7595.23,668.48,6926.75,CHARGEOFF_FILE
LN-202605-005080,2026-05,IDENTITY_THEFT,2026-07-19,3530.25,83.75,3446.50,CHARGEOFF_FILE
LN-202605-005126,2026-05,IDENTITY_THEFT,2026-07-21,4170.73,854.73,3316.00,MANUAL_INVESTIGATION
LN-202605-005133,2026-05,FIRST_PARTY_FRAUD,2026-07-06,9214.47,58.06,9156.40,CHARGEOFF_FILE
LN-202605-005171,2026-05,FIRST_PARTY_FRAUD,2026-08-19,11462.59,2661.93,8800.67,CHARGEOFF_FILE
LN-202605-005179,2026-05,IDENTITY_THEFT,2026-08-21,3400.33,299.33,3100.99,SAR_FILED
LN-202605-005180,2026-05,FIRST_PARTY_FRAUD,2026-07-28,11407.55,812.44,10595.11,MANUAL_INVESTIGATION
LN-202605-005208,2026-05,THIRD_PARTY_SYNTHETIC,2026-07-24,13362.12,786.73,12575.39,SAR_FILED
LN-202605-005231,2026-05,FIRST_PARTY_FRAUD,2026-07-26,2276.75,34.44,2242.31,SAR_FILED
LN-202605-005308,2026-05,THIRD_PARTY_SYNTHETIC,2026-08-11,13234.95,1670.07,11564.87,CHARGEOFF_FILE
LN-202605-005387,2026-05,FIRST_PARTY_FRAUD,2026-08-11,4148.40,59.49,4088.91,CHARGEOFF_FILE
LN-202605-005476,2026-05,IDENTITY_THEFT,2026-08-24,6504.73,502.04,6002.69,MANUAL_INVESTIGATION
LN-202605-005630,2026-05,THIRD_PARTY_SYNTHETIC,2026-07-20,10581.87,2252.35,8329.52,MANUAL_INVESTIGATION
LN-202605-005658,2026-05,FIRST_PARTY_FRAUD,2026-08-02,1383.81,229.31,1154.50,SAR_FILED
LN-202605-005676,2026-05,IDENTITY_THEFT,2026-07-25,8676.92,933.92,7743.01,SAR_FILED
LN-202605-005785,2026-05,THIRD_PARTY_SYNTHETIC,2026-07-11,13565.34,2539.64,11025.69,SAR_FILED
LN-202605-005792,2026-05,FIRST_PARTY_FRAUD,2026-07-03,5603.30,536.66,5066.63,SAR_FILED
LN-202605-005826,2026-05,IDENTITY_THEFT,2026-08-29,12493.09,963.90,11529.18,SAR_FILED
LN-202605-005839,2026-05,THIRD_PARTY_SYNTHETIC,2026-07-15,10307.42,338.99,9968.44,MANUAL_INVESTIGATION
LN-202605-005855,2026-05,FIRST_PARTY_FRAUD,2026-08-24,12225.84,872.13,11353.72,MANUAL_INVESTIGATION
LN-202605-005899,2026-05,IDENTITY_THEFT,2026-07-31,1573.31,365.90,1207.41,SAR_FILED
LN-202605-005974,2026-05,IDENTITY_THEFT,2026-08-05,11429.81,383.55,11046.26,CHARGEOFF_FILE
LN-202605-005986,2026-05,IDENTITY_THEFT,2026-07-12,13029.85,919.04,12110.80,CHARGEOFF_FILE
LN-202605-006038,2026-05,FIRST_PARTY_FRAUD,2026-08-06,10058.11,134.36,9923.75,MANUAL_INVESTIGATION
LN-202605-006044,2026-05,THIRD_PARTY_SYNTHETIC,2026-07-20,2754.57,448.44,2306.13,MANUAL_INVESTIGATION
LN-202605-006158,2026-05,FIRST_PARTY_FRAUD,2026-08-18,5437.44,239.72,5197.72,CHARGEOFF_FILE
LN-202605-006390,2026-05,IDENTITY_THEFT,2026-08-06,7642.85,964.66,6678.20,SAR_FILED
LN-202605-006574,2026-05,THIRD_PARTY_SYNTHETIC,2026-07-31,5103.84,374.40,4729.45,MANUAL_INVESTIGATION
LN-202605-006577,2026-05,IDENTITY_THEFT,2026-08-08,12823.31,648.87,12174.44,CHARGEOFF_FILE
LN-202605-006820,2026-05,FIRST_PARTY_FRAUD,2026-07-27,4339.77,291.66,4048.11,CHARGEOFF_FILE
LN-202605-006824,2026-05,IDENTITY_THEFT,2026-08-12,10133.95,2356.12,7777.83,CHARGEOFF_FILE
LN-202605-006838,2026-05,IDENTITY_THEFT,2026-08-17,3740.59,170.06,3570.53,MANUAL_INVESTIGATION
LN-202605-006957,2026-05,THIRD_PARTY_SYNTHETIC,2026-08-06,7283.12,889.87,6393.25,MANUAL_INVESTIGATION
LN-202605-006973,2026-05,IDENTITY_THEFT,2026-08-09,4015.43,609.11,3406.32,CHARGEOFF_FILE
LN-202605-006988,2026-05,FIRST_PARTY_FRAUD,2026-08-03,8456.63,487.80,7968.83,MANUAL_INVESTIGATION
LN-202605-007022,2026-05,IDENTITY_THEFT,2026-08-20,8815.28,1155.36,7659.91,SAR_FILED
LN-202605-007088,2026-05,THIRD_PARTY_SYNTHETIC,2026-08-02,8015.42,1879.66,6135.76,MANUAL_INVESTIGATION
LN-202605-007167,2026-05,IDENTITY_THEFT,2026-08-04,8379.37,1883.83,6495.54,SAR_FILED
LN-202605-007171,2026-05,IDENTITY_THEFT,2026-08-02,2159.42,157.75,2001.67,SAR_FILED
LN-202605-007181,2026-05,THIRD_PARTY_SYNTHETIC,2026-08-21,12161.73,915.09,11246.64,SAR_FILED
LN-202605-007295,2026-05,IDENTITY_THEFT,2026-08-15,3540.40,498.22,3042.18,MANUAL_INVESTIGATION
LN-202605-007433,2026-05,THIRD_PARTY_SYNTHETIC,2026-07-23,7654.23,615.16,7039.08,CHARGEOFF_FILE
LN-202605-007506,2026-05,THIRD_PARTY_SYNTHETIC,2026-07-24,2379.21,21.74,2357.47,SAR_FILED
LN-202605-007519,2026-05,IDENTITY_THEFT,2026-07-19,1722.89,279.05,1443.84,MANUAL_INVESTIGATION
LN-202605-007574,2026-05,THIRD_PARTY_SYNTHETIC,2026-08-15,11774.13,2734.77,9039.36,SAR_FILED
LN-202605-007607,2026-05,THIRD_PARTY_SYNTHETIC,2026-08-13,2637.15,517.95,2119.20,SAR_FILED
LN-202605-007643,2026-05,FIRST_PARTY_FRAUD,2026-08-01,4545.77,1134.00,3411.77,MANUAL_INVESTIGATION
LN-202605-007714,2026-05,IDENTITY_THEFT,2026-07-07,7269.37,574.32,6695.05,MANUAL_INVESTIGATION
LN-202605-007936,2026-05,IDENTITY_THEFT,2026-08-06,7057.85,1528.39,5529.45,CHARGEOFF_FILE
LN-202605-007943,2026-05,FIRST_PARTY_FRAUD,2026-07-18,13474.26,576.76,12897.50,CHARGEOFF_FILE
LN-202605-007948,2026-05,THIRD_PARTY_SYNTHETIC,2026-08-10,8206.91,1623.14,6583.77,MANUAL_INVESTIGATION
LN-202605-008057,2026-05,IDENTITY_THEFT,2026-08-13,1951.70,317.88,1633.82,CHARGEOFF_FILE
LN-202605-008124,2026-05,THIRD_PARTY_SYNTHETIC,2026-08-08,10762.11,1940.72,8821.39,SAR_FILED
LN-202605-008155,2026-05,FIRST_PARTY_FRAUD,2026-07-21,1405.85,290.62,1115.23,SAR_FILED
LN-202605-008246,2026-05,IDENTITY_THEFT,2026-08-09,10860.62,2006.28,8854.34,CHARGEOFF_FILE
LN-202605-008313,2026-05,FIRST_PARTY_FRAUD,2026-08-12,12953.28,202.59,12750.69,CHARGEOFF_FILE
LN-202605-008353,2026-05,THIRD_PARTY_SYNTHETIC,2026-08-01,5409.73,931.51,4478.22,MANUAL_INVESTIGATION
LN-202605-008608,2026-05,THIRD_PARTY_SYNTHETIC,2026-07-30,3168.27,149.69,3018.57,MANUAL_INVESTIGATION
LN-202605-008627,2026-05,THIRD_PARTY_SYNTHETIC,2026-07-28,3339.59,229.87,3109.72,SAR_FILED
LN-202605-008899,2026-05,FIRST_PARTY_FRAUD,2026-07-27,12286.28,995.46,11290.82,MANUAL_INVESTIGATION
LN-202605-008900,2026-05,IDENTITY_THEFT,2026-07-13,9496.68,365.87,9130.81,CHARGEOFF_FILE
LN-202605-008951,2026-05,THIRD_PARTY_SYNTHETIC,2026-08-17,5247.78,1035.68,4212.11,SAR_FILED
LN-202605-008961,2026-05,IDENTITY_THEFT,2026-07-16,5239.92,1119.33,4120.58,CHARGEOFF_FILE
LN-202605-009032,2026-05,IDENTITY_THEFT,2026-07-21,5533.41,887.35,4646.06,CHARGEOFF_FILE
LN-202605-009197,2026-05,FIRST_PARTY_FRAUD,2026-07-17,2212.88,41.64,2171.24,MANUAL_INVESTIGATION
LN-202605-009244,2026-05,IDENTITY_THEFT,2026-07-22,6446.74,288.95,6157.79,SAR_FILED
LN-202605-009270,2026-05,IDENTITY_THEFT,2026-08-20,11198.58,47.48,11151.11,SAR_FILED
LN-202605-009286,2026-05,IDENTITY_THEFT,2026-07-26,3684.89,364.24,3320.65,CHARGEOFF_FILE
LN-202605-009333,2026-05,IDENTITY_THEFT,2026-07-23,9730.75,856.16,8874.58,MANUAL_INVESTIGATION
LN-202605-009348,2026-05,IDENTITY_THEFT,2026-08-11,8809.53,2145.14,6664.39,CHARGEOFF_FILE
LN-202605-009536,2026-05,THIRD_PARTY_SYNTHETIC,2026-08-05,5122.11,1067.15,4054.96,MANUAL_INVESTIGATION
LN-202605-009616,2026-05,FIRST_PARTY_FRAUD,2026-08-02,9045.56,1491.74,7553.82,MANUAL_INVESTIGATION
LN-202605-009641,2026-05,IDENTITY_THEFT,2026-08-21,4383.98,446.25,3937.74,MANUAL_INVESTIGATION
LN-202605-009778,2026-05,FIRST_PARTY_FRAUD,2026-08-10,12873.69,628.78,12244.90,CHARGEOFF_FILE
LN-202605-009791,2026-05,THIRD_PARTY_SYNTHETIC,2026-08-10,4456.53,931.35,3525.18,SAR_FILED
LN-202605-009792,2026-05,IDENTITY_THEFT,2026-08-14,9403.19,2074.15,7329.03,CHARGEOFF_FILE
LN-202605-009857,2026-05,IDENTITY_THEFT,2026-08-20,13999.93,1339.89,12660.04,CHARGEOFF_FILE
LN-202605-009935,2026-05,IDENTITY_THEFT,2026-08-13,10637.40,2433.67,8203.73,CHARGEOFF_FILE
LN-202605-010106,2026-05,THIRD_PARTY_SYNTHETIC,2026-08-04,1681.62,276.49,1405.13,MANUAL_INVESTIGATION
LN-202605-010107,2026-05,IDENTITY_THEFT,2026-08-05,7469.70,126.12,7343.58,CHARGEOFF_FILE
LN-202605-010299,2026-05,FIRST_PARTY_FRAUD,2026-08-18,8982.81,1488.08,7494.73,MANUAL_INVESTIGATION
LN-202605-010348,2026-05,FIRST_PARTY_FRAUD,2026-08-02,4708.26,551.86,4156.40,SAR_FILED
LN-202605-010361,2026-05,FIRST_PARTY_FRAUD,2026-07-29,12356.43,1784.82,10571.60,SAR_FILED
LN-202605-010374,2026-05,IDENTITY_THEFT,2026-07-31,6742.85,148.16,6594.69,CHARGEOFF_FILE
LN-202605-010569,2026-05,FIRST_PARTY_FRAUD,2026-08-04,11101.43,1632.32,9469.10,MANUAL_INVESTIGATION
LN-202605-010619,2026-05,IDENTITY_THEFT,2026-08-04,3121.71,482.81,2638.90,SAR_FILED
LN-202605-010657,2026-05,THIRD_PARTY_SYNTHETIC,2026-08-10,1911.96,380.25,1531.71,SAR_FILED
LN-202605-010712,2026-05,IDENTITY_THEFT,2026-07-16,9365.31,1583.52,7781.80,CHARGEOFF_FILE
LN-202605-010925,2026-05,THIRD_PARTY_SYNTHETIC,2026-07-22,11488.91,1131.47,10357.44,MANUAL_INVESTIGATION
LN-202605-010949,2026-05,FIRST_PARTY_FRAUD,2026-07-17,2486.80,31.57,2455.23,SAR_FILED
LN-202605-010954,2026-05,FIRST_PARTY_FRAUD,2026-08-05,10734.11,369.97,10364.14,CHARGEOFF_FILE
LN-202605-011003,2026-05,FIRST_PARTY_FRAUD,2026-08-05,12661.34,1771.19,10890.15,CHARGEOFF_FILE
LN-202605-011028,2026-05,THIRD_PARTY_SYNTHETIC,2026-08-20,13233.39,555.70,12677.68,MANUAL_INVESTIGATION
LN-202605-011044,2026-05,IDENTITY_THEFT,2026-08-09,4383.86,29.63,4354.23,MANUAL_INVESTIGATION
LN-202605-011117,2026-05,THIRD_PARTY_SYNTHETIC,2026-07-31,8577.96,949.60,7628.35,CHARGEOFF_FILE
LN-202605-011139,2026-05,FIRST_PARTY_FRAUD,2026-08-01,12142.50,2213.08,9929.42,MANUAL_INVESTIGATION
LN-202605-011291,2026-05,IDENTITY_THEFT,2026-07-17,6587.50,1063.98,5523.52,SAR_FILED
LN-202605-011483,2026-05,THIRD_PARTY_SYNTHETIC,2026-07-20,10211.46,684.13,9527.33,MANUAL_INVESTIGATION
LN-202605-011579,2026-05,THIRD_PARTY_SYNTHETIC,2026-08-09,7739.47,1350.30,6389.17,CHARGEOFF_FILE
LN-202605-011580,2026-05,FIRST_PARTY_FRAUD,2026-07-16,10907.07,1514.73,9392.34,SAR_FILED
LN-202605-011588,2026-05,FIRST_PARTY_FRAUD,2026-07-20,4269.84,788.27,3481.57,MANUAL_INVESTIGATION
LN-202605-011762,2026-05,IDENTITY_THEFT,2026-08-01,10070.82,1899.53,8171.29,SAR_FILED
LN-202605-011861,2026-05,FIRST_PARTY_FRAUD,2026-07-28,6543.36,795.36,5748.00,CHARGEOFF_FILE
LN-202605-012174,2026-05,THIRD_PARTY_SYNTHETIC,2026-08-03,3700.10,532.67,3167.43,SAR_FILED
LN-202605-012202,2026-05,IDENTITY_THEFT,2026-07-25,7923.62,880.69,7042.93,CHARGEOFF_FILE
LN-202605-012299,2026-05,IDENTITY_THEFT,2026-07-24,9624.59,2330.72,7293.88,MANUAL_INVESTIGATION
LN-202605-012332,2026-05,THIRD_PARTY_SYNTHETIC,2026-08-21,12304.39,2804.74,9499.65,SAR_FILED
LN-202605-012378,2026-05,IDENTITY_THEFT,2026-08-18,4030.01,60.89,3969.12,SAR_FILED
LN-202605-012379,2026-05,IDENTITY_THEFT,2026-07-13,7091.59,1448.71,5642.88,MANUAL_INVESTIGATION
LN-202605-012382,2026-05,IDENTITY_THEFT,2026-07-30,13064.93,1377.49,11687.44,MANUAL_INVESTIGATION
LN-202605-012519,2026-05,THIRD_PARTY_SYNTHETIC,2026-07-22,5531.12,94.29,5436.83,CHARGEOFF_FILE
LN-202605-012677,2026-05,THIRD_PARTY_SYNTHETIC,2026-08-15,8134.98,308.75,7826.23,CHARGEOFF_FILE
LN-202605-012708,2026-05,IDENTITY_THEFT,2026-08-05,4634.07,97.86,4536.21,CHARGEOFF_FILE
LN-202605-012717,2026-05,THIRD_PARTY_SYNTHETIC,2026-08-10,5536.58,108.15,5428.44,CHARGEOFF_FILE
LN-202605-012861,2026-05,IDENTITY_THEFT,2026-07-09,9601.15,352.22,9248.93,SAR_FILED
LN-202605-013215,2026-05,THIRD_PARTY_SYNTHETIC,2026-07-22,6351.16,53.76,6297.40,SAR_FILED
LN-202605-013297,2026-05,IDENTITY_THEFT,2026-08-08,11655.68,2261.27,9394.40,CHARGEOFF_FILE
LN-202605-013350,2026-05,IDENTITY_THEFT,2026-08-19,8203.14,1196.52,7006.62,CHARGEOFF_FILE
LN-202605-013454,2026-05,FIRST_PARTY_FRAUD,2026-07-17,11786.54,1690.71,10095.83,SAR_FILED
LN-202605-013460,2026-05,THIRD_PARTY_SYNTHETIC,2026-08-19,3402.47,785.76,2616.70,MANUAL_INVESTIGATION
LN-202605-013560,2026-05,THIRD_PARTY_SYNTHETIC,2026-07-30,13349.46,786.41,12563.05,CHARGEOFF_FILE
LN-202605-013584,2026-05,THIRD_PARTY_SYNTHETIC,2026-08-14,7351.68,1177.86,6173.82,SAR_FILED
LN-202605-013619,2026-05,FIRST_PARTY_FRAUD,2026-07-29,1778.80,96.18,1682.61,MANUAL_INVESTIGATION
LN-202605-013662,2026-05,FIRST_PARTY_FRAUD,2026-07-30,11428.50,1626.53,9801.97,MANUAL_INVESTIGATION
LN-202605-013878,2026-05,FIRST_PARTY_FRAUD,2026-07-24,3718.94,679.56,3039.38,CHARGEOFF_FILE
LN-202605-013970,2026-05,THIRD_PARTY_SYNTHETIC,2026-07-13,5504.26,510.75,4993.51,MANUAL_INVESTIGATION
LN-202605-014062,2026-05,IDENTITY_THEFT,2026-08-11,7847.03,483.62,7363.41,MANUAL_INVESTIGATION
LN-202605-014191,2026-05,IDENTITY_THEFT,2026-07-27,4500.38,812.74,3687.64,MANUAL_INVESTIGATION
LN-202605-014192,2026-05,FIRST_PARTY_FRAUD,2026-07-12,3225.32,224.29,3001.03,CHARGEOFF_FILE
LN-202605-014214,2026-05,THIRD_PARTY_SYNTHETIC,2026-08-02,10796.78,419.09,10377.69,MANUAL_INVESTIGATION
LN-202605-014404,2026-05,FIRST_PARTY_FRAUD,2026-07-31,8279.07,525.84,7753.23,CHARGEOFF_FILE
LN-202605-014481,2026-05,IDENTITY_THEFT,2026-07-25,12799.71,1567.34,11232.37,SAR_FILED
LN-202605-014593,2026-05,IDENTITY_THEFT,2026-08-16,6721.56,874.63,5846.93,MANUAL_INVESTIGATION
LN-202605-014595,2026-05,IDENTITY_THEFT,2026-07-21,11867.76,1197.19,10670.57,MANUAL_INVESTIGATION
LN-202605-014624,2026-05,IDENTITY_THEFT,2026-08-13,3818.53,269.37,3549.16,CHARGEOFF_FILE
LN-202605-014665,2026-05,FIRST_PARTY_FRAUD,2026-08-20,12988.66,932.27,12056.39,SAR_FILED
LN-202605-014667,2026-05,THIRD_PARTY_SYNTHETIC,2026-08-11,9388.37,806.76,8581.62,MANUAL_INVESTIGATION
LN-202605-014757,2026-05,FIRST_PARTY_FRAUD,2026-08-05,10177.64,475.06,9702.58,CHARGEOFF_FILE
LN-202605-014839,2026-05,FIRST_PARTY_FRAUD,2026-07-18,4866.38,171.55,4694.83,MANUAL_INVESTIGATION
LN-202605-014957,2026-05,THIRD_PARTY_SYNTHETIC,2026-07-08,1534.70,71.97,1462.73,SAR_FILED
LN-202605-015054,2026-05,FIRST_PARTY_FRAUD,2026-07-03,2169.94,283.71,1886.23,MANUAL_INVESTIGATION
LN-202605-015055,2026-05,FIRST_PARTY_FRAUD,2026-07-15,7151.43,1556.46,5594.97,SAR_FILED
LN-202605-015065,2026-05,IDENTITY_THEFT,2026-07-04,8900.50,937.45,7963.05,MANUAL_INVESTIGATION
LN-202605-015149,2026-05,FIRST_PARTY_FRAUD,2026-08-02,2131.89,492.47,1639.42,SAR_FILED
LN-202605-015217,2026-05,THIRD_PARTY_SYNTHETIC,2026-08-16,11652.87,1052.77,10600.09,MANUAL_INVESTIGATION
LN-202605-015236,2026-05,IDENTITY_THEFT,2026-07-29,9005.62,640.32,8365.30,SAR_FILED
LN-202605-015299,2026-05,FIRST_PARTY_FRAUD,2026-07-20,5400.25,1218.68,4181.57,MANUAL_INVESTIGATION
LN-202605-015368,2026-05,IDENTITY_THEFT,2026-08-14,9720.54,5.14,9715.40,MANUAL_INVESTIGATION
LN-202605-015469,2026-05,THIRD_PARTY_SYNTHETIC,2026-08-02,8018.48,65.76,7952.72,MANUAL_INVESTIGATION
LN-202605-015471,2026-05,THIRD_PARTY_SYNTHETIC,2026-08-11,5170.04,120.70,5049.35,MANUAL_INVESTIGATION
LN-202605-015513,2026-05,FIRST_PARTY_FRAUD,2026-08-22,5071.71,368.86,4702.85,SAR_FILED
LN-202605-015556,2026-05,FIRST_PARTY_FRAUD,2026-08-07,6428.41,1326.25,5102.16,CHARGEOFF_FILE
LN-202605-015623,2026-05,IDENTITY_THEFT,2026-07-30,5919.35,1160.35,4759.00,MANUAL_INVESTIGATION
LN-202605-015660,2026-05,IDENTITY_THEFT,2026-08-02,10913.46,1646.96,9266.50,CHARGEOFF_FILE
LN-202605-015797,2026-05,FIRST_PARTY_FRAUD,2026-08-07,7479.78,225.74,7254.04,MANUAL_INVESTIGATION
LN-202605-015817,2026-05,FIRST_PARTY_FRAUD,2026-07-29,12657.47,1862.36,10795.11,SAR_FILED
LN-202605-015850,2026-05,IDENTITY_THEFT,2026-08-15,12698.60,484.42,12214.18,CHARGEOFF_FILE
LN-202605-015921,2026-05,THIRD_PARTY_SYNTHETIC,2026-08-02,11739.90,1202.49,10537.41,CHARGEOFF_FILE
LN-202605-015940,2026-05,FIRST_PARTY_FRAUD,2026-07-25,13647.89,436.65,13211.24,CHARGEOFF_FILE
LN-202605-015990,2026-05,IDENTITY_THEFT,2026-07-21,1864.57,192.83,1671.73,SAR_FILED
LN-202605-015992,2026-05,THIRD_PARTY_SYNTHETIC,2026-08-01,2703.77,257.78,2445.99,CHARGEOFF_FILE
LN-202605-015995,2026-05,IDENTITY_THEFT,2026-07-26,6616.55,168.29,6448.26,SAR_FILED
LN-202605-016275,2026-05,THIRD_PARTY_SYNTHETIC,2026-07-23,5481.01,748.77,4732.24,MANUAL_INVESTIGATION
LN-202605-016294,2026-05,THIRD_PARTY_SYNTHETIC,2026-08-04,6575.91,105.20,6470.71,MANUAL_INVESTIGATION
LN-202605-016336,2026-05,THIRD_PARTY_SYNTHETIC,2026-07-31,5299.39,993.79,4305.60,SAR_FILED
LN-202605-016411,2026-05,FIRST_PARTY_FRAUD,2026-08-04,3157.74,360.12,2797.62,SAR_FILED
LN-202605-016633,2026-05,THIRD_PARTY_SYNTHETIC,2026-07-31,3219.93,53.15,3166.78,SAR_FILED
LN-202605-016745,2026-05,THIRD_PARTY_SYNTHETIC,2026-07-18,6879.27,1093.68,5785.59,CHARGEOFF_FILE
LN-202605-016803,2026-05,IDENTITY_THEFT,2026-08-21,3040.89,663.53,2377.36,CHARGEOFF_FILE
LN-202605-016874,2026-05,THIRD_PARTY_SYNTHETIC,2026-07-23,2487.18,366.17,2121.01,CHARGEOFF_FILE
LN-202605-016963,2026-05,FIRST_PARTY_FRAUD,2026-07-28,7373.62,1796.67,5576.95,CHARGEOFF_FILE
LN-202605-016987,2026-05,THIRD_PARTY_SYNTHETIC,2026-07-25,10675.78,168.32,10507.47,SAR_FILED
LN-202605-017059,2026-05,FIRST_PARTY_FRAUD,2026-07-20,1609.19,195.14,1414.05,CHARGEOFF_FILE
LN-202605-017243,2026-05,IDENTITY_THEFT,2026-08-17,4159.08,399.39,3759.69,MANUAL_INVESTIGATION
LN-202605-017365,2026-05,FIRST_PARTY_FRAUD,2026-07-20,5631.44,252.12,5379.32,MANUAL_INVESTIGATION
LN-202605-017479,2026-05,IDENTITY_THEFT,2026-08-06,6701.07,293.31,6407.76,CHARGEOFF_FILE
LN-202605-017491,2026-05,FIRST_PARTY_FRAUD,2026-08-13,7211.00,856.31,6354.69,MANUAL_INVESTIGATION
LN-202605-017671,2026-05,IDENTITY_THEFT,2026-07-28,8840.64,1733.04,7107.60,MANUAL_INVESTIGATION
LN-202605-017721,2026-05,THIRD_PARTY_SYNTHETIC,2026-07-28,11178.38,1556.75,9621.64,MANUAL_INVESTIGATION
LN-202605-017818,2026-05,IDENTITY_THEFT,2026-07-25,12465.26,2923.60,9541.66,CHARGEOFF_FILE
LN-202605-017887,2026-05,IDENTITY_THEFT,2026-08-21,9368.88,1032.27,8336.61,CHARGEOFF_FILE
LN-202605-018035,2026-05,THIRD_PARTY_SYNTHETIC,2026-08-11,1790.26,332.56,1457.70,CHARGEOFF_FILE
LN-202605-018190,2026-05,THIRD_PARTY_SYNTHETIC,2026-07-03,3152.54,287.50,2865.04,CHARGEOFF_FILE
LN-202605-018283,2026-05,IDENTITY_THEFT,2026-08-04,5100.18,1208.56,3891.62,CHARGEOFF_FILE
LN-202605-018294,2026-05,IDENTITY_THEFT,2026-08-04,10620.43,944.59,9675.84,MANUAL_INVESTIGATION
LN-202605-018351,2026-05,THIRD_PARTY_SYNTHETIC,2026-07-22,10946.74,1084.18,9862.56,SAR_FILED
LN-202605-018506,2026-05,IDENTITY_THEFT,2026-07-20,7745.05,670.44,7074.61,CHARGEOFF_FILE
LN-202605-018535,2026-05,FIRST_PARTY_FRAUD,2026-07-31,6186.18,443.14,5743.04,CHARGEOFF_FILE
LN-202605-018588,2026-05,FIRST_PARTY_FRAUD,2026-08-14,12326.10,966.35,11359.75,CHARGEOFF_FILE
LN-202605-018605,2026-05,FIRST_PARTY_FRAUD,2026-07-24,10422.82,50.92,10371.90,MANUAL_INVESTIGATION
LN-202605-018741,2026-05,THIRD_PARTY_SYNTHETIC,2026-08-02,5220.09,417.86,4802.24,CHARGEOFF_FILE
LN-202605-018769,2026-05,FIRST_PARTY_FRAUD,2026-07-28,3028.24,361.28,2666.95,SAR_FILED
LN-202605-018823,2026-05,FIRST_PARTY_FRAUD,2026-07-19,5384.65,1099.01,4285.64,MANUAL_INVESTIGATION
LN-202605-018869,2026-05,IDENTITY_THEFT,2026-07-28,10734.63,2468.29,8266.34,CHARGEOFF_FILE
LN-202605-018947,2026-05,FIRST_PARTY_FRAUD,2026-07-10,12873.99,705.49,12168.50,SAR_FILED
LN-202605-018983,2026-05,IDENTITY_THEFT,2026-08-15,5343.70,1273.35,4070.36,CHARGEOFF_FILE
LN-202605-018999,2026-05,THIRD_PARTY_SYNTHETIC,2026-07-19,10113.39,1694.45,8418.94,SAR_FILED
LN-202605-019010,2026-05,FIRST_PARTY_FRAUD,2026-07-12,13700.24,931.69,12768.55,SAR_FILED
LN-202605-019146,2026-05,FIRST_PARTY_FRAUD,2026-08-26,13418.21,2861.77,10556.44,SAR_FILED
LN-202605-019175,2026-05,THIRD_PARTY_SYNTHETIC,2026-08-18,4911.43,17.53,4893.89,MANUAL_INVESTIGATION
LN-202605-019212,2026-05,IDENTITY_THEFT,2026-08-06,6577.08,1491.88,5085.20,CHARGEOFF_FILE
LN-202605-019216,2026-05,FIRST_PARTY_FRAUD,2026-08-02,8954.59,169.40,8785.19,MANUAL_INVESTIGATION
LN-202605-019442,2026-05,FIRST_PARTY_FRAUD,2026-07-16,6625.24,620.27,6004.97,CHARGEOFF_FILE
LN-202605-019559,2026-05,FIRST_PARTY_FRAUD,2026-07-26,1505.65,277.84,1227.81,CHARGEOFF_FILE
LN-202605-019588,2026-05,IDENTITY_THEFT,2026-07-14,8685.58,2159.19,6526.39,MANUAL_INVESTIGATION
LN-202605-019702,2026-05,IDENTITY_THEFT,2026-07-23,2050.47,1.66,2048.81,CHARGEOFF_FILE
LN-202605-019712,2026-05,FIRST_PARTY_FRAUD,2026-08-05,8757.04,1181.53,7575.51,MANUAL_INVESTIGATION
LN-202605-019765,2026-05,IDENTITY_THEFT,2026-07-20,8124.61,540.34,7584.26,SAR_FILED
LN-202605-019820,2026-05,IDENTITY_THEFT,2026-08-11,12566.23,2555.82,10010.41,SAR_FILED
LN-202605-019904,2026-05,IDENTITY_THEFT,2026-07-25,2406.54,601.13,1805.41,MANUAL_INVESTIGATION
LN-202605-020004,2026-05,FIRST_PARTY_FRAUD,2026-07-27,4826.21,27.41,4798.80,SAR_FILED
LN-202605-020088,2026-05,IDENTITY_THEFT,2026-07-15,3741.60,242.55,3499.05,SAR_FILED
LN-202605-020184,2026-05,THIRD_PARTY_SYNTHETIC,2026-08-10,14069.97,1517.25,12552.72,SAR_FILED
LN-202605-020203,2026-05,IDENTITY_THEFT,2026-08-08,10202.65,38.10,10164.55,CHARGEOFF_FILE
LN-202605-020223,2026-05,FIRST_PARTY_FRAUD,2026-08-05,12052.48,2427.00,9625.48,MANUAL_INVESTIGATION
LN-202605-020307,2026-05,FIRST_PARTY_FRAUD,2026-08-05,11636.34,2665.52,8970.82,CHARGEOFF_FILE
LN-202605-020331,2026-05,IDENTITY_THEFT,2026-08-11,13309.08,1290.32,12018.75,CHARGEOFF_FILE
LN-202605-020332,2026-05,THIRD_PARTY_SYNTHETIC,2026-08-02,13488.07,2252.60,11235.46,SAR_FILED
LN-202605-020458,2026-05,IDENTITY_THEFT,2026-08-02,3970.08,329.98,3640.10,MANUAL_INVESTIGATION
LN-202605-020469,2026-05,THIRD_PARTY_SYNTHETIC,2026-08-12,3439.27,754.98,2684.29,MANUAL_INVESTIGATION
LN-202605-020499,2026-05,THIRD_PARTY_SYNTHETIC,2026-08-05,12216.69,1653.41,10563.28,SAR_FILED
LN-202605-020544,2026-05,THIRD_PARTY_SYNTHETIC,2026-07-18,12552.46,940.47,11611.99,MANUAL_INVESTIGATION
LN-202605-020583,2026-05,THIRD_PARTY_SYNTHETIC,2026-08-16,10227.36,32.42,10194.94,SAR_FILED
LN-202605-020618,2026-05,THIRD_PARTY_SYNTHETIC,2026-07-31,7677.15,654.56,7022.59,MANUAL_INVESTIGATION
LN-202605-020621,2026-05,FIRST_PARTY_FRAUD,2026-07-04,11384.65,1594.95,9789.69,CHARGEOFF_FILE
LN-202605-020666,2026-05,FIRST_PARTY_FRAUD,2026-07-17,14398.49,2163.96,12234.53,CHARGEOFF_FILE
LN-202605-020678,2026-05,FIRST_PARTY_FRAUD,2026-07-25,9102.78,793.09,8309.68,SAR_FILED
LN-202605-020848,2026-05,FIRST_PARTY_FRAUD,2026-08-05,13253.59,1078.75,12174.84,CHARGEOFF_FILE
LN-202605-020908,2026-05,IDENTITY_THEFT,2026-07-07,2691.41,323.66,2367.75,MANUAL_INVESTIGATION
LN-202605-020921,2026-05,IDENTITY_THEFT,2026-07-19,8195.65,768.58,7427.07,CHARGEOFF_FILE
LN-202605-020993,2026-05,IDENTITY_THEFT,2026-08-11,8807.71,34.54,8773.17,MANUAL_INVESTIGATION
LN-202605-021116,2026-05,IDENTITY_THEFT,2026-07-29,8410.98,1648.36,6762.62,SAR_FILED
LN-202605-021144,2026-05,THIRD_PARTY_SYNTHETIC,2026-07-15,4621.43,750.77,3870.66,CHARGEOFF_FILE
LN-202605-021205,2026-05,IDENTITY_THEFT,2026-07-13,3271.01,515.54,2755.48,CHARGEOFF_FILE
LN-202605-021248,2026-05,THIRD_PARTY_SYNTHETIC,2026-07-18,13184.06,627.64,12556.42,MANUAL_INVESTIGATION
LN-202605-021264,2026-05,FIRST_PARTY_FRAUD,2026-08-03,11864.51,682.64,11181.88,SAR_FILED
LN-202605-021337,2026-05,IDENTITY_THEFT,2026-07-21,2587.23,171.77,2415.45,CHARGEOFF_FILE
LN-202605-021500,2026-05,THIRD_PARTY_SYNTHETIC,2026-07-31,13874.88,2833.30,11041.58,SAR_FILED
LN-202605-021506,2026-05,THIRD_PARTY_SYNTHETIC,2026-08-10,3856.38,53.53,3802.85,MANUAL_INVESTIGATION
LN-202605-021525,2026-05,THIRD_PARTY_SYNTHETIC,2026-07-05,1832.08,133.89,1698.19,SAR_FILED
LN-202605-021544,2026-05,THIRD_PARTY_SYNTHETIC,2026-08-07,11783.13,1995.06,9788.07,SAR_FILED
LN-202605-021565,2026-05,THIRD_PARTY_SYNTHETIC,2026-07-20,10747.84,2506.99,8240.84,SAR_FILED
LN-202605-021702,2026-05,IDENTITY_THEFT,2026-07-27,12769.57,980.68,11788.89,MANUAL_INVESTIGATION
LN-202605-021858,2026-05,IDENTITY_THEFT,2026-08-24,13935.13,2461.37,11473.76,CHARGEOFF_FILE
LN-202605-021952,2026-05,THIRD_PARTY_SYNTHETIC,2026-07-18,8869.42,1901.38,6968.05,CHARGEOFF_FILE
LN-202605-022009,2026-05,FIRST_PARTY_FRAUD,2026-08-23,2841.80,530.51,2311.29,SAR_FILED
LN-202605-022059,2026-05,FIRST_PARTY_FRAUD,2026-07-13,10716.27,565.70,10150.57,SAR_FILED
LN-202605-022131,2026-05,THIRD_PARTY_SYNTHETIC,2026-08-07,9292.28,767.42,8524.86,MANUAL_INVESTIGATION
LN-202605-022242,2026-05,IDENTITY_THEFT,2026-07-31,4560.18,1131.29,3428.89,MANUAL_INVESTIGATION
LN-202605-022250,2026-05,THIRD_PARTY_SYNTHETIC,2026-08-26,5166.18,530.43,4635.75,SAR_FILED
LN-202605-022278,2026-05,IDENTITY_THEFT,2026-08-05,5968.08,918.14,5049.94,CHARGEOFF_FILE
LN-202605-022349,2026-05,THIRD_PARTY_SYNTHETIC,2026-07-27,10990.08,1141.73,9848.34,CHARGEOFF_FILE
LN-202605-022379,2026-05,THIRD_PARTY_SYNTHETIC,2026-08-08,10311.95,1386.23,8925.72,SAR_FILED
LN-202605-022401,2026-05,FIRST_PARTY_FRAUD,2026-07-29,10940.75,1544.52,9396.23,CHARGEOFF_FILE
LN-202605-022581,2026-05,THIRD_PARTY_SYNTHETIC,2026-07-09,5094.38,1021.48,4072.90,CHARGEOFF_FILE
LN-202605-022587,2026-05,IDENTITY_THEFT,2026-08-17,6532.39,638.90,5893.49,MANUAL_INVESTIGATION
LN-202605-022623,2026-05,FIRST_PARTY_FRAUD,2026-08-11,5178.12,696.85,4481.28,MANUAL_INVESTIGATION
LN-202605-022673,2026-05,IDENTITY_THEFT,2026-07-19,9242.51,1144.22,8098.29,SAR_FILED
LN-202605-022789,2026-05,THIRD_PARTY_SYNTHETIC,2026-08-05,7383.58,1083.38,6300.20,CHARGEOFF_FILE
LN-202605-022856,2026-05,THIRD_PARTY_SYNTHETIC,2026-08-02,8111.43,1540.72,6570.71,MANUAL_INVESTIGATION
LN-202605-022975,2026-05,IDENTITY_THEFT,2026-07-21,10303.29,2502.06,7801.23,CHARGEOFF_FILE
LN-202605-023047,2026-05,IDENTITY_THEFT,2026-07-05,13141.87,19.13,13122.74,CHARGEOFF_FILE
LN-202605-023070,2026-05,THIRD_PARTY_SYNTHETIC,2026-07-29,4985.54,544.89,4440.65,CHARGEOFF_FILE
LN-202605-023154,2026-05,FIRST_PARTY_FRAUD,2026-08-22,2897.42,703.21,2194.21,CHARGEOFF_FILE
LN-202605-023328,2026-05,IDENTITY_THEFT,2026-07-03,13778.15,1445.36,12332.78,CHARGEOFF_FILE
LN-202605-023334,2026-05,IDENTITY_THEFT,2026-07-19,1798.40,328.83,1469.56,CHARGEOFF_FILE
LN-202605-023449,2026-05,FIRST_PARTY_FRAUD,2026-08-07,1896.12,234.12,1662.00,MANUAL_INVESTIGATION
LN-202605-023459,2026-05,FIRST_PARTY_FRAUD,2026-07-15,11015.71,1435.08,9580.63,CHARGEOFF_FILE
LN-202605-023504,2026-05,FIRST_PARTY_FRAUD,2026-08-02,6850.01,1136.21,5713.80,SAR_FILED
LN-202605-023530,2026-05,FIRST_PARTY_FRAUD,2026-07-17,9103.37,1984.97,7118.40,MANUAL_INVESTIGATION
LN-202605-023619,2026-05,FIRST_PARTY_FRAUD,2026-08-06,1894.28,473.22,1421.06,MANUAL_INVESTIGATION
LN-202605-023729,2026-05,THIRD_PARTY_SYNTHETIC,2026-08-19,1990.90,225.86,1765.04,SAR_FILED
LN-202605-023788,2026-05,FIRST_PARTY_FRAUD,2026-08-04,6458.14,412.91,6045.22,MANUAL_INVESTIGATION
LN-202605-023808,2026-05,IDENTITY_THEFT,2026-07-19,5685.48,991.01,4694.47,MANUAL_INVESTIGATION
LN-202605-024052,2026-05,FIRST_PARTY_FRAUD,2026-08-07,4509.96,543.48,3966.48,SAR_FILED
LN-202605-024229,2026-05,FIRST_PARTY_FRAUD,2026-08-13,10470.24,1394.13,9076.11,SAR_FILED
LN-202605-024311,2026-05,IDENTITY_THEFT,2026-07-13,4081.51,547.11,3534.40,SAR_FILED
LN-202605-024333,2026-05,FIRST_PARTY_FRAUD,2026-07-26,7952.39,1918.03,6034.36,SAR_FILED
LN-202605-024383,2026-05,IDENTITY_THEFT,2026-08-07,9366.84,2079.60,7287.24,SAR_FILED
LN-202605-024402,2026-05,FIRST_PARTY_FRAUD,2026-07-25,2971.66,706.39,2265.27,CHARGEOFF_FILE
LN-202605-024430,2026-05,IDENTITY_THEFT,2026-08-01,8773.90,1660.48,7113.42,MANUAL_INVESTIGATION
LN-202605-024454,2026-05,FIRST_PARTY_FRAUD,2026-07-22,3245.43,171.34,3074.09,SAR_FILED
LN-202605-024462,2026-05,THIRD_PARTY_SYNTHETIC,2026-08-05,11657.58,953.18,10704.40,MANUAL_INVESTIGATION
LN-202605-024525,2026-05,IDENTITY_THEFT,2026-07-26,4899.82,600.28,4299.54,CHARGEOFF_FILE
LN-202605-024544,2026-05,IDENTITY_THEFT,2026-08-10,1997.64,91.91,1905.73,SAR_FILED
LN-202605-024571,2026-05,IDENTITY_THEFT,2026-07-26,6274.21,1543.61,4730.61,SAR_FILED
LN-202605-024610,2026-05,THIRD_PARTY_SYNTHETIC,2026-07-24,1588.78,222.51,1366.27,CHARGEOFF_FILE
LN-202605-024646,2026-05,FIRST_PARTY_FRAUD,2026-07-16,14744.78,1171.52,13573.27,SAR_FILED
LN-202605-024723,2026-05,IDENTITY_THEFT,2026-07-18,8183.01,1030.85,7152.17,SAR_FILED
LN-202605-024739,2026-05,THIRD_PARTY_SYNTHETIC,2026-07-19,1461.25,123.27,1337.98,SAR_FILED
LN-202605-024745,2026-05,THIRD_PARTY_SYNTHETIC,2026-07-22,9581.34,1158.32,8423.02,CHARGEOFF_FILE
LN-202605-024779,2026-05,IDENTITY_THEFT,2026-08-12,6209.02,470.07,5738.95,MANUAL_INVESTIGATION
LN-202605-024926,2026-05,IDENTITY_THEFT,2026-07-28,7413.17,268.92,7144.26,CHARGEOFF_FILE
LN-202605-025123,2026-05,THIRD_PARTY_SYNTHETIC,2026-07-26,12942.87,509.52,12433.35,MANUAL_INVESTIGATION
LN-202605-025180,2026-05,IDENTITY_THEFT,2026-07-15,13271.90,1683.58,11588.32,MANUAL_INVESTIGATION
LN-202605-025198,2026-05,THIRD_PARTY_SYNTHETIC,2026-08-07,1974.95,484.56,1490.40,SAR_FILED
LN-202605-025211,2026-05,IDENTITY_THEFT,2026-08-05,11940.87,2303.14,9637.72,SAR_FILED
LN-202605-025274,2026-05,THIRD_PARTY_SYNTHETIC,2026-07-29,10255.19,1826.05,8429.14,CHARGEOFF_FILE
LN-202605-025337,2026-05,IDENTITY_THEFT,2026-07-31,3650.46,441.51,3208.95,MANUAL_INVESTIGATION
LN-202605-025372,2026-05,FIRST_PARTY_FRAUD,2026-07-10,11691.27,240.91,11450.35,CHARGEOFF_FILE
LN-202605-025480,2026-05,FIRST_PARTY_FRAUD,2026-07-31,10130.81,73.16,10057.65,CHARGEOFF_FILE
LN-202605-025497,2026-05,FIRST_PARTY_FRAUD,2026-08-11,12128.67,2905.32,9223.35,MANUAL_INVESTIGATION
LN-202605-025587,2026-05,IDENTITY_THEFT,2026-07-24,5612.84,458.75,5154.09,SAR_FILED
LN-202605-025598,2026-05,FIRST_PARTY_FRAUD,2026-08-14,1691.54,356.21,1335.33,CHARGEOFF_FILE
LN-202605-025656,2026-05,IDENTITY_THEFT,2026-07-31,2541.46,289.06,2252.40,MANUAL_INVESTIGATION
LN-202605-025698,2026-05,THIRD_PARTY_SYNTHETIC,2026-07-08,6479.97,674.23,5805.74,MANUAL_INVESTIGATION
LN-202605-025801,2026-05,FIRST_PARTY_FRAUD,2026-08-02,12255.30,1272.11,10983.19,CHARGEOFF_FILE
LN-202605-025809,2026-05,FIRST_PARTY_FRAUD,2026-07-09,14138.46,2507.30,11631.17,SAR_FILED
LN-202605-025825,2026-05,FIRST_PARTY_FRAUD,2026-07-19,1795.61,10.08,1785.53,MANUAL_INVESTIGATION
LN-202605-025924,2026-05,THIRD_PARTY_SYNTHETIC,2026-08-24,11362.03,2673.08,8688.95,MANUAL_INVESTIGATION
LN-202605-026125,2026-05,FIRST_PARTY_FRAUD,2026-07-11,1979.21,344.84,1634.36,SAR_FILED
LN-202605-026318,2026-05,IDENTITY_THEFT,2026-08-16,6009.19,1499.86,4509.33,MANUAL_INVESTIGATION
LN-202605-026333,2026-05,FIRST_PARTY_FRAUD,2026-08-09,5053.06,1124.45,3928.61,SAR_FILED
LN-202605-026371,2026-05,IDENTITY_THEFT,2026-08-18,4467.65,642.72,3824.93,SAR_FILED
LN-202605-026468,2026-05,THIRD_PARTY_SYNTHETIC,2026-07-19,6010.27,1212.85,4797.42,CHARGEOFF_FILE
LN-202605-026499,2026-05,THIRD_PARTY_SYNTHETIC,2026-08-13,8769.32,1802.73,6966.59,SAR_FILED
LN-202605-026504,2026-05,THIRD_PARTY_SYNTHETIC,2026-08-15,11256.82,2279.92,8976.89,MANUAL_INVESTIGATION
LN-202605-026507,2026-05,FIRST_PARTY_FRAUD,2026-08-09,4401.50,184.76,4216.74,CHARGEOFF_FILE
LN-202605-026553,2026-05,IDENTITY_THEFT,2026-08-16,5048.30,641.81,4406.50,CHARGEOFF_FILE
LN-202605-026562,2026-05,IDENTITY_THEFT,2026-07-23,3517.92,292.88,3225.05,CHARGEOFF_FILE
LN-202605-026567,2026-05,FIRST_PARTY_FRAUD,2026-08-17,12945.83,649.27,12296.55,CHARGEOFF_FILE
LN-202605-026592,2026-05,IDENTITY_THEFT,2026-08-19,7897.34,1769.28,6128.06,MANUAL_INVESTIGATION
LN-202605-026655,2026-05,FIRST_PARTY_FRAUD,2026-07-18,2610.03,120.23,2489.80,MANUAL_INVESTIGATION
LN-202605-026783,2026-05,FIRST_PARTY_FRAUD,2026-07-18,9612.17,439.13,9173.03,CHARGEOFF_FILE
LN-202605-026848,2026-05,THIRD_PARTY_SYNTHETIC,2026-07-25,9504.07,782.14,8721.94,SAR_FILED
LN-202605-026906,2026-05,THIRD_PARTY_SYNTHETIC,2026-07-28,6179.43,155.26,6024.17,SAR_FILED
LN-202605-026913,2026-05,THIRD_PARTY_SYNTHETIC,2026-08-04,7089.48,1633.36,5456.12,MANUAL_INVESTIGATION
LN-202605-026951,2026-05,THIRD_PARTY_SYNTHETIC,2026-07-28,6046.32,539.76,5506.56,CHARGEOFF_FILE
LN-202605-026990,2026-05,IDENTITY_THEFT,2026-07-28,6894.40,1441.67,5452.73,SAR_FILED
LN-202605-027030,2026-05,IDENTITY_THEFT,2026-07-25,2397.05,27.77,2369.29,SAR_FILED
LN-202605-027069,2026-05,THIRD_PARTY_SYNTHETIC,2026-08-14,6233.57,1464.41,4769.16,SAR_FILED
LN-202605-027133,2026-05,THIRD_PARTY_SYNTHETIC,2026-07-31,9865.60,273.87,9591.73,MANUAL_INVESTIGATION
LN-202605-027347,2026-05,THIRD_PARTY_SYNTHETIC,2026-08-07,12213.32,488.72,11724.60,MANUAL_INVESTIGATION
LN-202605-027553,2026-05,THIRD_PARTY_SYNTHETIC,2026-08-05,9756.81,2232.78,7524.04,MANUAL_INVESTIGATION
LN-202605-027621,2026-05,IDENTITY_THEFT,2026-07-23,1651.58,245.53,1406.05,CHARGEOFF_FILE
LN-202605-027676,2026-05,THIRD_PARTY_SYNTHETIC,2026-07-24,2677.53,381.90,2295.63,SAR_FILED
LN-202605-027704,2026-05,FIRST_PARTY_FRAUD,2026-07-23,10854.34,1443.96,9410.38,CHARGEOFF_FILE
LN-202605-027743,2026-05,THIRD_PARTY_SYNTHETIC,2026-08-11,5379.16,1194.39,4184.77,MANUAL_INVESTIGATION
LN-202605-027847,2026-05,THIRD_PARTY_SYNTHETIC,2026-08-02,6287.55,609.17,5678.38,SAR_FILED
LN-202605-027920,2026-05,FIRST_PARTY_FRAUD,2026-07-30,4792.79,164.77,4628.03,CHARGEOFF_FILE
LN-202605-027973,2026-05,IDENTITY_THEFT,2026-08-01,10709.47,2652.92,8056.55,SAR_FILED
LN-202605-028064,2026-05,FIRST_PARTY_FRAUD,2026-08-22,1657.47,376.52,1280.95,CHARGEOFF_FILE
LN-202605-028096,2026-05,THIRD_PARTY_SYNTHETIC,2026-07-23,10088.35,698.72,9389.63,SAR_FILED
LN-202605-028121,2026-05,THIRD_PARTY_SYNTHETIC,2026-07-15,5949.83,284.83,5664.99,CHARGEOFF_FILE
LN-202605-028157,2026-05,IDENTITY_THEFT,2026-08-05,5739.32,348.93,5390.39,CHARGEOFF_FILE
LN-202605-028313,2026-05,FIRST_PARTY_FRAUD,2026-08-08,3275.80,547.21,2728.58,MANUAL_INVESTIGATION
LN-202605-028326,2026-05,FIRST_PARTY_FRAUD,2026-07-31,10483.98,1894.63,8589.35,MANUAL_INVESTIGATION
LN-202605-028399,2026-05,FIRST_PARTY_FRAUD,2026-08-11,10073.05,1152.66,8920.40,CHARGEOFF_FILE
LN-202605-028640,2026-05,IDENTITY_THEFT,2026-07-29,1716.52,122.73,1593.78,CHARGEOFF_FILE
LN-202605-028645,2026-05,THIRD_PARTY_SYNTHETIC,2026-08-06,1710.66,253.37,1457.29,CHARGEOFF_FILE
LN-202605-028662,2026-05,FIRST_PARTY_FRAUD,2026-07-28,12904.42,1520.03,11384.39,MANUAL_INVESTIGATION
LN-202605-028724,2026-05,FIRST_PARTY_FRAUD,2026-08-21,7100.19,1525.85,5574.35,CHARGEOFF_FILE
LN-202605-028742,2026-05,THIRD_PARTY_SYNTHETIC,2026-08-25,6654.39,1288.33,5366.06,SAR_FILED
LN-202605-028788,2026-05,IDENTITY_THEFT,2026-08-04,8718.89,411.20,8307.69,SAR_FILED
LN-202605-028825,2026-05,FIRST_PARTY_FRAUD,2026-07-23,4680.33,235.45,4444.88,MANUAL_INVESTIGATION
LN-202605-028838,2026-05,FIRST_PARTY_FRAUD,2026-07-03,4274.23,964.92,3309.31,SAR_FILED
LN-202605-028922,2026-05,THIRD_PARTY_SYNTHETIC,2026-08-10,1569.28,168.68,1400.59,SAR_FILED
LN-202605-028932,2026-05,IDENTITY_THEFT,2026-08-16,10572.27,1559.82,9012.45,SAR_FILED
LN-202605-028983,2026-05,THIRD_PARTY_SYNTHETIC,2026-08-02,9486.51,923.23,8563.29,MANUAL_INVESTIGATION
LN-202605-028984,2026-05,THIRD_PARTY_SYNTHETIC,2026-08-07,3086.96,349.41,2737.55,SAR_FILED
LN-202605-029013,2026-05,FIRST_PARTY_FRAUD,2026-07-22,12758.74,3087.53,9671.21,MANUAL_INVESTIGATION
LN-202605-029081,2026-05,FIRST_PARTY_FRAUD,2026-07-16,6688.01,837.45,5850.56,CHARGEOFF_FILE
LN-202605-029144,2026-05,FIRST_PARTY_FRAUD,2026-08-16,4364.02,163.20,4200.82,SAR_FILED
LN-202605-029268,2026-05,THIRD_PARTY_SYNTHETIC,2026-07-27,4373.14,859.31,3513.83,SAR_FILED
LN-202605-029290,2026-05,IDENTITY_THEFT,2026-07-12,11730.23,1731.11,9999.11,MANUAL_INVESTIGATION
LN-202605-029369,2026-05,FIRST_PARTY_FRAUD,2026-07-31,2831.09,506.84,2324.25,SAR_FILED
LN-202605-029423,2026-05,THIRD_PARTY_SYNTHETIC,2026-07-28,3827.31,829.73,2997.58,SAR_FILED
LN-202605-029544,2026-05,FIRST_PARTY_FRAUD,2026-07-29,9409.16,1607.41,7801.75,CHARGEOFF_FILE
LN-202605-029562,2026-05,IDENTITY_THEFT,2026-08-06,1309.79,318.98,990.82,MANUAL_INVESTIGATION
LN-202605-029703,2026-05,THIRD_PARTY_SYNTHETIC,2026-07-18,14844.12,2403.35,12440.77,MANUAL_INVESTIGATION
LN-202605-029782,2026-05,THIRD_PARTY_SYNTHETIC,2026-07-16,2275.98,33.94,2242.03,SAR_FILED
LN-202605-029784,2026-05,THIRD_PARTY_SYNTHETIC,2026-08-12,8585.08,1279.28,7305.79,CHARGEOFF_FILE
LN-202605-029818,2026-05,IDENTITY_THEFT,2026-07-28,8165.33,891.00,7274.33,SAR_FILED
LN-202605-029845,2026-05,FIRST_PARTY_FRAUD,2026-08-11,7599.59,615.24,6984.35,MANUAL_INVESTIGATION
LN-202605-029914,2026-05,THIRD_PARTY_SYNTHETIC,2026-07-16,7319.97,232.77,7087.20,MANUAL_INVESTIGATION
LN-202605-029980,2026-05,THIRD_PARTY_SYNTHETIC,2026-07-25,8549.36,1583.45,6965.92,MANUAL_INVESTIGATION
LN-202606-000073,2026-06,FIRST_PARTY_FRAUD,2026-09-08,3738.56,12.70,3725.86,MANUAL_INVESTIGATION
LN-202606-000122,2026-06,FIRST_PARTY_FRAUD,2026-08-31,2796.26,20.44,2775.82,SAR_FILED
LN-202606-000144,2026-06,IDENTITY_THEFT,2026-08-30,12622.53,1778.54,10843.99,MANUAL_INVESTIGATION
LN-202606-000372,2026-06,FIRST_PARTY_FRAUD,2026-08-31,7603.36,1506.05,6097.31,CHARGEOFF_FILE
LN-202606-000746,2026-06,THIRD_PARTY_SYNTHETIC,2026-08-28,10723.35,2409.24,8314.11,CHARGEOFF_FILE
LN-202606-000839,2026-06,FIRST_PARTY_FRAUD,2026-09-09,8914.73,560.28,8354.46,CHARGEOFF_FILE
LN-202606-000846,2026-06,IDENTITY_THEFT,2026-08-20,4257.04,621.35,3635.69,MANUAL_INVESTIGATION
LN-202606-001089,2026-06,IDENTITY_THEFT,2026-08-01,7488.83,1574.54,5914.29,MANUAL_INVESTIGATION
LN-202606-001105,2026-06,THIRD_PARTY_SYNTHETIC,2026-08-14,10432.53,600.73,9831.80,SAR_FILED
LN-202606-001135,2026-06,THIRD_PARTY_SYNTHETIC,2026-08-15,11703.28,2171.06,9532.22,CHARGEOFF_FILE
LN-202606-001162,2026-06,THIRD_PARTY_SYNTHETIC,2026-08-22,3150.26,563.65,2586.61,SAR_FILED
LN-202606-001261,2026-06,FIRST_PARTY_FRAUD,2026-09-05,3709.88,33.71,3676.17,MANUAL_INVESTIGATION
LN-202606-001439,2026-06,IDENTITY_THEFT,2026-09-09,5315.12,618.16,4696.96,MANUAL_INVESTIGATION
LN-202606-001488,2026-06,FIRST_PARTY_FRAUD,2026-09-08,14410.87,2424.91,11985.97,CHARGEOFF_FILE
LN-202606-001518,2026-06,THIRD_PARTY_SYNTHETIC,2026-08-29,13115.91,1475.24,11640.68,SAR_FILED
LN-202606-001549,2026-06,FIRST_PARTY_FRAUD,2026-08-24,9698.59,2010.56,7688.03,CHARGEOFF_FILE
LN-202606-002123,2026-06,FIRST_PARTY_FRAUD,2026-09-03,11151.28,1660.85,9490.42,SAR_FILED
LN-202606-002133,2026-06,IDENTITY_THEFT,2026-08-12,9322.06,1636.89,7685.17,MANUAL_INVESTIGATION
LN-202606-002187,2026-06,THIRD_PARTY_SYNTHETIC,2026-09-15,11618.36,2757.05,8861.31,MANUAL_INVESTIGATION
LN-202606-002461,2026-06,IDENTITY_THEFT,2026-08-13,8445.18,1247.96,7197.23,CHARGEOFF_FILE
LN-202606-002556,2026-06,IDENTITY_THEFT,2026-08-10,6129.18,1007.58,5121.60,CHARGEOFF_FILE
LN-202606-002752,2026-06,THIRD_PARTY_SYNTHETIC,2026-08-20,6205.79,1471.40,4734.39,SAR_FILED
LN-202606-002867,2026-06,THIRD_PARTY_SYNTHETIC,2026-09-10,13591.87,39.36,13552.52,CHARGEOFF_FILE
LN-202606-002953,2026-06,FIRST_PARTY_FRAUD,2026-08-03,4050.90,17.69,4033.21,MANUAL_INVESTIGATION
LN-202606-003408,2026-06,IDENTITY_THEFT,2026-08-25,9437.00,590.67,8846.33,MANUAL_INVESTIGATION
LN-202606-003573,2026-06,THIRD_PARTY_SYNTHETIC,2026-09-12,11004.57,1543.41,9461.16,CHARGEOFF_FILE
LN-202606-003585,2026-06,IDENTITY_THEFT,2026-08-30,1939.78,143.54,1796.25,MANUAL_INVESTIGATION
LN-202606-003678,2026-06,IDENTITY_THEFT,2026-08-25,5283.21,1032.30,4250.91,MANUAL_INVESTIGATION
LN-202606-003687,2026-06,THIRD_PARTY_SYNTHETIC,2026-08-31,7795.81,1068.76,6727.05,CHARGEOFF_FILE
LN-202606-003906,2026-06,FIRST_PARTY_FRAUD,2026-08-13,5596.60,686.97,4909.63,SAR_FILED
LN-202606-003909,2026-06,THIRD_PARTY_SYNTHETIC,2026-08-28,13928.21,104.54,13823.67,SAR_FILED
LN-202606-003945,2026-06,THIRD_PARTY_SYNTHETIC,2026-09-14,2366.40,522.79,1843.62,MANUAL_INVESTIGATION
LN-202606-003970,2026-06,THIRD_PARTY_SYNTHETIC,2026-09-06,5478.80,385.95,5092.85,CHARGEOFF_FILE
LN-202606-004030,2026-06,THIRD_PARTY_SYNTHETIC,2026-08-24,8023.34,968.94,7054.39,SAR_FILED
LN-202606-004044,2026-06,IDENTITY_THEFT,2026-08-20,3622.97,123.53,3499.43,SAR_FILED
LN-202606-004243,2026-06,FIRST_PARTY_FRAUD,2026-09-03,11755.40,2536.01,9219.39,CHARGEOFF_FILE
LN-202606-004271,2026-06,THIRD_PARTY_SYNTHETIC,2026-09-03,4544.02,40.78,4503.24,MANUAL_INVESTIGATION
LN-202606-004544,2026-06,THIRD_PARTY_SYNTHETIC,2026-09-06,11406.24,650.28,10755.96,SAR_FILED
LN-202606-004777,2026-06,IDENTITY_THEFT,2026-08-15,7171.69,1601.83,5569.86,CHARGEOFF_FILE
LN-202606-004808,2026-06,IDENTITY_THEFT,2026-08-25,7948.95,1165.77,6783.18,MANUAL_INVESTIGATION
LN-202606-005205,2026-06,IDENTITY_THEFT,2026-08-21,8475.07,1617.17,6857.90,CHARGEOFF_FILE
LN-202606-005519,2026-06,THIRD_PARTY_SYNTHETIC,2026-08-22,7165.80,1665.97,5499.83,CHARGEOFF_FILE
LN-202606-005539,2026-06,FIRST_PARTY_FRAUD,2026-08-17,11459.88,2636.46,8823.42,SAR_FILED
LN-202606-005575,2026-06,IDENTITY_THEFT,2026-09-05,7144.23,1163.80,5980.44,CHARGEOFF_FILE
LN-202606-005591,2026-06,THIRD_PARTY_SYNTHETIC,2026-09-15,3166.67,440.85,2725.82,MANUAL_INVESTIGATION
LN-202606-005723,2026-06,FIRST_PARTY_FRAUD,2026-08-09,9813.33,508.79,9304.55,SAR_FILED
LN-202606-006252,2026-06,FIRST_PARTY_FRAUD,2026-09-09,5723.10,1327.52,4395.58,CHARGEOFF_FILE
LN-202606-006892,2026-06,IDENTITY_THEFT,2026-08-28,6350.78,1282.89,5067.89,SAR_FILED
LN-202606-006991,2026-06,THIRD_PARTY_SYNTHETIC,2026-08-30,1892.51,15.72,1876.79,MANUAL_INVESTIGATION
LN-202606-007009,2026-06,IDENTITY_THEFT,2026-08-21,3783.28,110.92,3672.35,SAR_FILED
LN-202606-007151,2026-06,IDENTITY_THEFT,2026-09-05,12670.85,1973.75,10697.11,MANUAL_INVESTIGATION
LN-202606-007258,2026-06,IDENTITY_THEFT,2026-08-23,4639.29,613.16,4026.13,MANUAL_INVESTIGATION
LN-202606-007356,2026-06,THIRD_PARTY_SYNTHETIC,2026-09-03,4507.23,231.48,4275.75,MANUAL_INVESTIGATION
LN-202606-007396,2026-06,IDENTITY_THEFT,2026-08-16,12141.85,1025.43,11116.42,SAR_FILED
LN-202606-007397,2026-06,IDENTITY_THEFT,2026-08-20,3568.05,742.85,2825.21,CHARGEOFF_FILE
LN-202606-007438,2026-06,FIRST_PARTY_FRAUD,2026-09-10,11516.48,2267.03,9249.46,CHARGEOFF_FILE
LN-202606-007455,2026-06,THIRD_PARTY_SYNTHETIC,2026-09-03,4886.66,891.35,3995.31,CHARGEOFF_FILE
LN-202606-007617,2026-06,FIRST_PARTY_FRAUD,2026-08-18,9685.07,2244.21,7440.86,MANUAL_INVESTIGATION
LN-202606-007634,2026-06,FIRST_PARTY_FRAUD,2026-09-08,7552.74,1255.19,6297.55,SAR_FILED
LN-202606-007789,2026-06,IDENTITY_THEFT,2026-09-06,6265.85,539.10,5726.75,SAR_FILED
LN-202606-007870,2026-06,THIRD_PARTY_SYNTHETIC,2026-08-31,2751.43,232.24,2519.20,SAR_FILED
LN-202606-007907,2026-06,IDENTITY_THEFT,2026-08-27,6526.06,114.21,6411.85,CHARGEOFF_FILE
LN-202606-008197,2026-06,THIRD_PARTY_SYNTHETIC,2026-09-09,5994.93,467.21,5527.72,CHARGEOFF_FILE
LN-202606-008342,2026-06,THIRD_PARTY_SYNTHETIC,2026-08-13,10963.24,2337.58,8625.66,CHARGEOFF_FILE
LN-202606-008936,2026-06,FIRST_PARTY_FRAUD,2026-09-13,4331.97,1006.62,3325.36,CHARGEOFF_FILE
LN-202606-008944,2026-06,IDENTITY_THEFT,2026-08-30,12488.64,1980.82,10507.82,CHARGEOFF_FILE
LN-202606-008999,2026-06,IDENTITY_THEFT,2026-09-06,6221.59,1008.55,5213.03,MANUAL_INVESTIGATION
LN-202606-009028,2026-06,THIRD_PARTY_SYNTHETIC,2026-09-05,14533.83,957.74,13576.09,MANUAL_INVESTIGATION
LN-202606-009181,2026-06,IDENTITY_THEFT,2026-08-16,7651.49,703.37,6948.12,SAR_FILED
LN-202606-009214,2026-06,THIRD_PARTY_SYNTHETIC,2026-09-02,5753.75,1169.95,4583.80,MANUAL_INVESTIGATION
LN-202606-009579,2026-06,IDENTITY_THEFT,2026-08-31,8749.40,1705.35,7044.05,SAR_FILED
LN-202606-009728,2026-06,THIRD_PARTY_SYNTHETIC,2026-08-16,9401.78,901.86,8499.92,CHARGEOFF_FILE
LN-202606-009912,2026-06,FIRST_PARTY_FRAUD,2026-09-04,11053.17,2048.88,9004.29,CHARGEOFF_FILE
LN-202606-009972,2026-06,THIRD_PARTY_SYNTHETIC,2026-08-21,9692.61,2317.48,7375.13,SAR_FILED
LN-202606-010372,2026-06,FIRST_PARTY_FRAUD,2026-08-11,5528.03,1348.13,4179.90,MANUAL_INVESTIGATION
LN-202606-010537,2026-06,IDENTITY_THEFT,2026-08-31,8109.53,911.83,7197.69,MANUAL_INVESTIGATION
LN-202606-010691,2026-06,THIRD_PARTY_SYNTHETIC,2026-08-15,14322.00,3526.22,10795.79,MANUAL_INVESTIGATION
LN-202606-010699,2026-06,FIRST_PARTY_FRAUD,2026-08-22,13014.41,293.58,12720.83,SAR_FILED
LN-202606-010841,2026-06,FIRST_PARTY_FRAUD,2026-08-22,3079.44,140.69,2938.75,SAR_FILED
LN-202606-010954,2026-06,FIRST_PARTY_FRAUD,2026-08-26,1830.72,250.92,1579.80,SAR_FILED
LN-202606-011053,2026-06,IDENTITY_THEFT,2026-08-22,8005.09,574.17,7430.92,CHARGEOFF_FILE
LN-202606-011182,2026-06,THIRD_PARTY_SYNTHETIC,2026-09-04,2925.36,474.00,2451.36,CHARGEOFF_FILE
LN-202606-011290,2026-06,THIRD_PARTY_SYNTHETIC,2026-09-10,3075.59,57.02,3018.57,SAR_FILED
LN-202606-011297,2026-06,THIRD_PARTY_SYNTHETIC,2026-09-11,9762.92,1267.41,8495.51,MANUAL_INVESTIGATION
LN-202606-011391,2026-06,THIRD_PARTY_SYNTHETIC,2026-08-29,5272.37,501.23,4771.14,SAR_FILED
LN-202606-011392,2026-06,IDENTITY_THEFT,2026-09-02,12481.48,349.30,12132.18,MANUAL_INVESTIGATION
LN-202606-011450,2026-06,IDENTITY_THEFT,2026-09-01,4750.85,97.45,4653.40,CHARGEOFF_FILE
LN-202606-011928,2026-06,IDENTITY_THEFT,2026-08-21,3345.84,10.11,3335.72,MANUAL_INVESTIGATION
LN-202606-011970,2026-06,IDENTITY_THEFT,2026-09-07,11172.68,565.19,10607.49,SAR_FILED
LN-202606-012054,2026-06,IDENTITY_THEFT,2026-08-26,3010.63,249.09,2761.53,CHARGEOFF_FILE
LN-202606-012262,2026-06,FIRST_PARTY_FRAUD,2026-08-17,12332.99,1841.19,10491.80,CHARGEOFF_FILE
LN-202606-012437,2026-06,FIRST_PARTY_FRAUD,2026-09-05,13613.20,859.88,12753.31,SAR_FILED
LN-202606-012703,2026-06,THIRD_PARTY_SYNTHETIC,2026-08-30,10724.54,850.42,9874.12,MANUAL_INVESTIGATION
LN-202606-012738,2026-06,THIRD_PARTY_SYNTHETIC,2026-08-12,1520.89,33.88,1487.01,CHARGEOFF_FILE
LN-202606-012844,2026-06,FIRST_PARTY_FRAUD,2026-09-15,13600.33,1408.74,12191.59,MANUAL_INVESTIGATION
LN-202606-012858,2026-06,IDENTITY_THEFT,2026-08-26,9660.21,1198.60,8461.61,MANUAL_INVESTIGATION
LN-202606-013307,2026-06,FIRST_PARTY_FRAUD,2026-09-10,5931.99,313.16,5618.83,SAR_FILED
LN-202606-013326,2026-06,IDENTITY_THEFT,2026-08-21,10974.73,2523.64,8451.09,SAR_FILED
LN-202606-013328,2026-06,THIRD_PARTY_SYNTHETIC,2026-08-27,8698.72,1146.64,7552.08,SAR_FILED
LN-202606-013456,2026-06,IDENTITY_THEFT,2026-09-05,6742.43,157.58,6584.86,SAR_FILED
LN-202606-013488,2026-06,THIRD_PARTY_SYNTHETIC,2026-08-22,13128.75,2611.82,10516.93,SAR_FILED
LN-202606-013507,2026-06,IDENTITY_THEFT,2026-09-09,2771.99,588.99,2183.00,CHARGEOFF_FILE
LN-202606-013659,2026-06,THIRD_PARTY_SYNTHETIC,2026-08-28,10538.74,746.11,9792.64,CHARGEOFF_FILE
LN-202606-013783,2026-06,IDENTITY_THEFT,2026-08-06,1430.99,161.11,1269.88,MANUAL_INVESTIGATION
LN-202606-014638,2026-06,THIRD_PARTY_SYNTHETIC,2026-09-09,11669.14,1894.75,9774.39,CHARGEOFF_FILE
LN-202606-014655,2026-06,THIRD_PARTY_SYNTHETIC,2026-08-26,10629.88,1829.01,8800.87,MANUAL_INVESTIGATION
LN-202606-015106,2026-06,FIRST_PARTY_FRAUD,2026-08-21,7222.21,63.95,7158.26,CHARGEOFF_FILE
LN-202606-015112,2026-06,IDENTITY_THEFT,2026-09-02,8971.47,572.75,8398.72,MANUAL_INVESTIGATION
LN-202606-015129,2026-06,FIRST_PARTY_FRAUD,2026-08-08,8540.19,539.12,8001.08,CHARGEOFF_FILE
LN-202606-015237,2026-06,FIRST_PARTY_FRAUD,2026-08-19,11947.49,2898.48,9049.01,SAR_FILED
LN-202606-015591,2026-06,THIRD_PARTY_SYNTHETIC,2026-08-19,9317.00,1153.34,8163.65,SAR_FILED
LN-202606-015609,2026-06,FIRST_PARTY_FRAUD,2026-08-25,8214.90,1755.51,6459.39,CHARGEOFF_FILE
LN-202606-015657,2026-06,FIRST_PARTY_FRAUD,2026-08-26,13635.14,1960.74,11674.40,SAR_FILED
LN-202606-015770,2026-06,IDENTITY_THEFT,2026-09-09,12155.82,1340.05,10815.77,SAR_FILED
LN-202606-015802,2026-06,FIRST_PARTY_FRAUD,2026-08-28,4093.88,711.89,3381.98,CHARGEOFF_FILE
LN-202606-015819,2026-06,THIRD_PARTY_SYNTHETIC,2026-08-30,9494.57,499.53,8995.04,SAR_FILED
LN-202606-015877,2026-06,THIRD_PARTY_SYNTHETIC,2026-09-06,10724.61,1402.14,9322.47,SAR_FILED
LN-202606-015924,2026-06,FIRST_PARTY_FRAUD,2026-09-09,11114.10,1329.90,9784.20,CHARGEOFF_FILE
LN-202606-015944,2026-06,FIRST_PARTY_FRAUD,2026-08-29,6677.87,965.92,5711.95,CHARGEOFF_FILE
LN-202606-016079,2026-06,IDENTITY_THEFT,2026-08-25,6573.84,336.55,6237.29,SAR_FILED
LN-202606-016145,2026-06,THIRD_PARTY_SYNTHETIC,2026-08-28,1896.70,423.18,1473.52,CHARGEOFF_FILE
LN-202606-016149,2026-06,IDENTITY_THEFT,2026-08-26,8903.92,775.03,8128.89,SAR_FILED
LN-202606-016819,2026-06,IDENTITY_THEFT,2026-08-27,5337.29,117.23,5220.06,MANUAL_INVESTIGATION
LN-202606-016924,2026-06,THIRD_PARTY_SYNTHETIC,2026-08-29,3730.99,871.01,2859.98,CHARGEOFF_FILE
LN-202606-017086,2026-06,IDENTITY_THEFT,2026-08-13,6053.56,870.29,5183.27,SAR_FILED
LN-202606-017167,2026-06,IDENTITY_THEFT,2026-08-10,5006.22,900.82,4105.40,CHARGEOFF_FILE
LN-202606-017376,2026-06,FIRST_PARTY_FRAUD,2026-08-22,10282.66,2249.73,8032.93,CHARGEOFF_FILE
LN-202606-017508,2026-06,FIRST_PARTY_FRAUD,2026-08-07,5611.67,1109.56,4502.11,MANUAL_INVESTIGATION
LN-202606-017570,2026-06,FIRST_PARTY_FRAUD,2026-09-09,4417.39,625.04,3792.34,MANUAL_INVESTIGATION
LN-202606-018020,2026-06,FIRST_PARTY_FRAUD,2026-09-04,5748.77,1109.82,4638.95,CHARGEOFF_FILE
LN-202606-018099,2026-06,THIRD_PARTY_SYNTHETIC,2026-08-28,6384.93,1215.09,5169.84,SAR_FILED
LN-202606-018175,2026-06,THIRD_PARTY_SYNTHETIC,2026-09-15,13400.98,279.00,13121.98,MANUAL_INVESTIGATION
LN-202606-018181,2026-06,IDENTITY_THEFT,2026-09-05,4880.27,623.05,4257.22,SAR_FILED
LN-202606-018193,2026-06,FIRST_PARTY_FRAUD,2026-09-05,5892.42,445.06,5447.35,CHARGEOFF_FILE
LN-202606-018287,2026-06,FIRST_PARTY_FRAUD,2026-09-03,12411.13,2318.07,10093.06,SAR_FILED
LN-202606-018331,2026-06,THIRD_PARTY_SYNTHETIC,2026-09-13,14010.20,1772.11,12238.10,SAR_FILED
LN-202606-018387,2026-06,IDENTITY_THEFT,2026-09-12,3919.43,933.99,2985.44,MANUAL_INVESTIGATION
LN-202606-018498,2026-06,FIRST_PARTY_FRAUD,2026-08-10,6515.66,547.63,5968.03,CHARGEOFF_FILE
LN-202606-018970,2026-06,THIRD_PARTY_SYNTHETIC,2026-08-15,11774.54,2657.21,9117.34,SAR_FILED
LN-202606-019205,2026-06,THIRD_PARTY_SYNTHETIC,2026-09-14,2553.44,338.46,2214.98,MANUAL_INVESTIGATION
LN-202606-019462,2026-06,FIRST_PARTY_FRAUD,2026-08-12,3258.36,369.97,2888.40,SAR_FILED
LN-202606-019474,2026-06,THIRD_PARTY_SYNTHETIC,2026-09-04,3973.54,800.74,3172.80,SAR_FILED
LN-202606-019665,2026-06,IDENTITY_THEFT,2026-09-06,14520.54,1401.52,13119.02,SAR_FILED
LN-202606-020062,2026-06,IDENTITY_THEFT,2026-08-18,9430.91,2009.04,7421.87,MANUAL_INVESTIGATION
LN-202606-020126,2026-06,THIRD_PARTY_SYNTHETIC,2026-08-19,12814.63,2250.95,10563.67,CHARGEOFF_FILE
LN-202606-020557,2026-06,THIRD_PARTY_SYNTHETIC,2026-08-23,4278.36,740.27,3538.08,CHARGEOFF_FILE
LN-202606-020710,2026-06,FIRST_PARTY_FRAUD,2026-08-28,3530.50,830.20,2700.30,SAR_FILED
LN-202606-020911,2026-06,IDENTITY_THEFT,2026-08-13,3348.00,453.20,2894.80,SAR_FILED
LN-202606-021042,2026-06,FIRST_PARTY_FRAUD,2026-09-03,7264.77,1490.42,5774.35,SAR_FILED
LN-202606-021188,2026-06,IDENTITY_THEFT,2026-08-22,10762.77,2684.39,8078.38,SAR_FILED
LN-202606-021222,2026-06,IDENTITY_THEFT,2026-08-30,12734.04,2290.84,10443.20,SAR_FILED
LN-202606-021323,2026-06,THIRD_PARTY_SYNTHETIC,2026-08-22,9579.85,1055.33,8524.53,SAR_FILED
LN-202606-021345,2026-06,IDENTITY_THEFT,2026-08-30,3129.15,112.40,3016.75,MANUAL_INVESTIGATION
LN-202606-021784,2026-06,IDENTITY_THEFT,2026-08-13,11270.01,2226.99,9043.02,MANUAL_INVESTIGATION
LN-202606-022116,2026-06,FIRST_PARTY_FRAUD,2026-09-12,12009.17,1672.68,10336.50,CHARGEOFF_FILE
LN-202606-022343,2026-06,FIRST_PARTY_FRAUD,2026-08-30,11120.43,46.37,11074.05,SAR_FILED
LN-202606-022344,2026-06,THIRD_PARTY_SYNTHETIC,2026-08-27,9883.09,113.50,9769.59,MANUAL_INVESTIGATION
LN-202606-022449,2026-06,FIRST_PARTY_FRAUD,2026-09-09,11225.81,804.00,10421.81,CHARGEOFF_FILE
LN-202606-022496,2026-06,THIRD_PARTY_SYNTHETIC,2026-09-07,13109.36,1316.91,11792.45,SAR_FILED
LN-202606-022639,2026-06,FIRST_PARTY_FRAUD,2026-08-17,1441.47,256.85,1184.62,SAR_FILED
LN-202606-022746,2026-06,THIRD_PARTY_SYNTHETIC,2026-08-30,9546.45,1106.44,8440.01,SAR_FILED
LN-202606-023108,2026-06,FIRST_PARTY_FRAUD,2026-08-20,5768.98,1285.71,4483.27,MANUAL_INVESTIGATION
LN-202606-023199,2026-06,FIRST_PARTY_FRAUD,2026-08-20,2835.37,695.51,2139.86,SAR_FILED
LN-202606-023407,2026-06,THIRD_PARTY_SYNTHETIC,2026-08-28,4720.91,199.85,4521.06,SAR_FILED
LN-202606-023423,2026-06,IDENTITY_THEFT,2026-09-14,12169.48,2671.28,9498.20,SAR_FILED
LN-202606-023634,2026-06,IDENTITY_THEFT,2026-09-12,5240.44,244.84,4995.59,CHARGEOFF_FILE
LN-202606-023685,2026-06,FIRST_PARTY_FRAUD,2026-08-26,13202.29,1332.78,11869.52,CHARGEOFF_FILE
LN-202606-023789,2026-06,FIRST_PARTY_FRAUD,2026-08-14,4984.06,234.96,4749.10,SAR_FILED
LN-202606-023875,2026-06,THIRD_PARTY_SYNTHETIC,2026-09-14,7087.13,825.42,6261.70,SAR_FILED
LN-202606-023917,2026-06,THIRD_PARTY_SYNTHETIC,2026-09-02,8709.29,1571.68,7137.61,SAR_FILED
LN-202606-024118,2026-06,THIRD_PARTY_SYNTHETIC,2026-08-16,4411.23,1087.00,3324.22,SAR_FILED
LN-202606-024161,2026-06,IDENTITY_THEFT,2026-09-04,11807.50,1686.70,10120.80,CHARGEOFF_FILE
LN-202606-024523,2026-06,FIRST_PARTY_FRAUD,2026-09-09,5869.77,1111.96,4757.81,CHARGEOFF_FILE
LN-202606-024637,2026-06,THIRD_PARTY_SYNTHETIC,2026-08-25,11918.41,1158.79,10759.62,CHARGEOFF_FILE
LN-202606-024652,2026-06,FIRST_PARTY_FRAUD,2026-09-06,9788.83,1309.07,8479.76,SAR_FILED
LN-202606-024883,2026-06,THIRD_PARTY_SYNTHETIC,2026-09-01,10470.73,2306.18,8164.55,MANUAL_INVESTIGATION
LN-202606-024901,2026-06,FIRST_PARTY_FRAUD,2026-08-23,1576.85,130.51,1446.34,CHARGEOFF_FILE
LN-202606-025235,2026-06,THIRD_PARTY_SYNTHETIC,2026-08-15,1378.74,16.80,1361.94,SAR_FILED
LN-202606-025252,2026-06,THIRD_PARTY_SYNTHETIC,2026-08-27,3718.73,591.10,3127.63,CHARGEOFF_FILE
LN-202606-025332,2026-06,THIRD_PARTY_SYNTHETIC,2026-09-06,2799.99,474.00,2325.99,SAR_FILED
LN-202606-025454,2026-06,THIRD_PARTY_SYNTHETIC,2026-09-11,11559.75,1144.66,10415.10,SAR_FILED
LN-202606-025586,2026-06,THIRD_PARTY_SYNTHETIC,2026-09-12,10936.20,1305.85,9630.35,SAR_FILED
LN-202606-025946,2026-06,FIRST_PARTY_FRAUD,2026-08-07,3149.13,261.27,2887.86,CHARGEOFF_FILE
LN-202606-025953,2026-06,THIRD_PARTY_SYNTHETIC,2026-09-03,11973.63,2467.21,9506.42,CHARGEOFF_FILE
LN-202606-026077,2026-06,THIRD_PARTY_SYNTHETIC,2026-09-06,8870.85,1579.24,7291.61,SAR_FILED
LN-202606-026158,2026-06,FIRST_PARTY_FRAUD,2026-08-31,9621.28,410.15,9211.13,SAR_FILED
LN-202606-026338,2026-06,IDENTITY_THEFT,2026-09-02,4692.44,572.62,4119.82,CHARGEOFF_FILE
LN-202606-026346,2026-06,FIRST_PARTY_FRAUD,2026-08-30,1714.39,237.28,1477.10,CHARGEOFF_FILE
LN-202606-026491,2026-06,IDENTITY_THEFT,2026-09-12,13134.33,1104.06,12030.26,CHARGEOFF_FILE
LN-202606-026719,2026-06,IDENTITY_THEFT,2026-08-08,12141.84,1865.61,10276.23,CHARGEOFF_FILE
LN-202606-026943,2026-06,THIRD_PARTY_SYNTHETIC,2026-09-06,10045.68,163.77,9881.90,MANUAL_INVESTIGATION
LN-202606-026948,2026-06,THIRD_PARTY_SYNTHETIC,2026-08-21,7459.82,341.89,7117.93,CHARGEOFF_FILE
LN-202606-026973,2026-06,FIRST_PARTY_FRAUD,2026-09-07,7079.57,834.82,6244.76,SAR_FILED
LN-202606-027052,2026-06,THIRD_PARTY_SYNTHETIC,2026-08-28,3074.63,730.28,2344.35,CHARGEOFF_FILE
LN-202606-027120,2026-06,THIRD_PARTY_SYNTHETIC,2026-09-07,12765.00,3074.16,9690.84,SAR_FILED
LN-202606-027188,2026-06,IDENTITY_THEFT,2026-08-20,13041.11,2780.62,10260.49,MANUAL_INVESTIGATION
LN-202606-027288,2026-06,FIRST_PARTY_FRAUD,2026-09-10,6191.43,450.64,5740.79,MANUAL_INVESTIGATION
LN-202606-027290,2026-06,FIRST_PARTY_FRAUD,2026-09-04,2834.12,701.25,2132.87,SAR_FILED
LN-202606-027432,2026-06,FIRST_PARTY_FRAUD,2026-08-29,8029.47,999.21,7030.26,CHARGEOFF_FILE
LN-202606-027435,2026-06,IDENTITY_THEFT,2026-08-29,11011.51,1393.33,9618.18,CHARGEOFF_FILE
LN-202606-027566,2026-06,THIRD_PARTY_SYNTHETIC,2026-08-19,9648.95,1334.99,8313.96,SAR_FILED
LN-202606-027623,2026-06,IDENTITY_THEFT,2026-09-05,5009.57,512.54,4497.03,CHARGEOFF_FILE
LN-202606-027636,2026-06,THIRD_PARTY_SYNTHETIC,2026-08-24,5666.46,1211.57,4454.89,MANUAL_INVESTIGATION
LN-202606-027673,2026-06,FIRST_PARTY_FRAUD,2026-08-13,6054.39,1249.98,4804.40,CHARGEOFF_FILE
LN-202606-027790,2026-06,IDENTITY_THEFT,2026-08-14,4790.21,175.24,4614.97,MANUAL_INVESTIGATION
LN-202606-027941,2026-06,FIRST_PARTY_FRAUD,2026-08-19,10735.39,1280.05,9455.34,MANUAL_INVESTIGATION
LN-202606-028079,2026-06,IDENTITY_THEFT,2026-09-04,9588.60,743.74,8844.86,CHARGEOFF_FILE
LN-202606-028244,2026-06,IDENTITY_THEFT,2026-09-01,6991.08,1495.37,5495.71,SAR_FILED
LN-202606-028349,2026-06,THIRD_PARTY_SYNTHETIC,2026-09-02,3748.97,666.68,3082.28,MANUAL_INVESTIGATION
LN-202606-028539,2026-06,IDENTITY_THEFT,2026-08-21,9626.90,621.15,9005.75,CHARGEOFF_FILE
LN-202606-028594,2026-06,FIRST_PARTY_FRAUD,2026-09-11,13732.93,503.80,13229.14,MANUAL_INVESTIGATION
LN-202606-028756,2026-06,IDENTITY_THEFT,2026-09-10,14501.56,1362.99,13138.57,MANUAL_INVESTIGATION
LN-202606-028774,2026-06,IDENTITY_THEFT,2026-08-19,4836.62,756.36,4080.26,MANUAL_INVESTIGATION
LN-202606-028978,2026-06,IDENTITY_THEFT,2026-08-27,11862.83,1070.05,10792.78,SAR_FILED
LN-202606-029227,2026-06,THIRD_PARTY_SYNTHETIC,2026-09-09,2486.01,376.42,2109.59,SAR_FILED
LN-202606-029261,2026-06,IDENTITY_THEFT,2026-08-04,10264.74,1790.13,8474.62,CHARGEOFF_FILE
LN-202606-029271,2026-06,FIRST_PARTY_FRAUD,2026-08-12,11547.87,2376.84,9171.02,MANUAL_INVESTIGATION
LN-202606-029328,2026-06,FIRST_PARTY_FRAUD,2026-08-09,10453.83,2434.16,8019.67,MANUAL_INVESTIGATION
LN-202606-029522,2026-06,THIRD_PARTY_SYNTHETIC,2026-08-12,10694.51,732.71,9961.80,CHARGEOFF_FILE
LN-202606-029542,2026-06,FIRST_PARTY_FRAUD,2026-09-02,10111.23,543.90,9567.33,MANUAL_INVESTIGATION
LN-202606-029782,2026-06,THIRD_PARTY_SYNTHETIC,2026-08-30,5805.65,74.71,5730.94,CHARGEOFF_FILE
LN-202607-000228,2026-07,THIRD_PARTY_SYNTHETIC,2026-09-15,5571.36,196.44,5374.92,CHARGEOFF_FILE
LN-202607-000613,2026-07,FIRST_PARTY_FRAUD,2026-09-14,2227.43,248.16,1979.27,MANUAL_INVESTIGATION
LN-202607-000779,2026-07,THIRD_PARTY_SYNTHETIC,2026-09-14,8789.76,1394.19,7395.57,SAR_FILED
LN-202607-001516,2026-07,IDENTITY_THEFT,2026-09-01,6711.25,1658.76,5052.49,SAR_FILED
LN-202607-002010,2026-07,THIRD_PARTY_SYNTHETIC,2026-09-07,8822.23,1527.58,7294.64,MANUAL_INVESTIGATION
LN-202607-002796,2026-07,IDENTITY_THEFT,2026-09-02,5476.84,197.92,5278.92,SAR_FILED
LN-202607-004386,2026-07,FIRST_PARTY_FRAUD,2026-09-07,11743.73,2457.90,9285.83,MANUAL_INVESTIGATION
LN-202607-005407,2026-07,IDENTITY_THEFT,2026-09-12,12139.24,996.79,11142.45,MANUAL_INVESTIGATION
LN-202607-006875,2026-07,THIRD_PARTY_SYNTHETIC,2026-09-14,14353.42,3468.47,10884.95,MANUAL_INVESTIGATION
LN-202607-007393,2026-07,IDENTITY_THEFT,2026-09-02,12234.44,639.17,11595.27,SAR_FILED
LN-202607-010199,2026-07,THIRD_PARTY_SYNTHETIC,2026-09-12,2262.83,409.23,1853.60,MANUAL_INVESTIGATION
LN-202607-011517,2026-07,FIRST_PARTY_FRAUD,2026-09-12,11603.30,1651.04,9952.26,MANUAL_INVESTIGATION
LN-202607-012533,2026-07,IDENTITY_THEFT,2026-09-04,2721.52,478.57,2242.95,CHARGEOFF_FILE
LN-202607-014235,2026-07,IDENTITY_THEFT,2026-09-10,4962.20,1216.58,3745.63,CHARGEOFF_FILE
LN-202607-014929,2026-07,IDENTITY_THEFT,2026-09-14,2656.14,315.73,2340.42,MANUAL_INVESTIGATION
LN-202607-015469,2026-07,FIRST_PARTY_FRAUD,2026-09-08,9422.89,1083.84,8339.05,CHARGEOFF_FILE
LN-202607-015759,2026-07,IDENTITY_THEFT,2026-09-03,4489.27,747.19,3742.08,MANUAL_INVESTIGATION
LN-202607-016804,2026-07,FIRST_PARTY_FRAUD,2026-09-03,11115.42,2201.32,8914.10,CHARGEOFF_FILE
LN-202607-019992,2026-07,THIRD_PARTY_SYNTHETIC,2026-09-06,2775.82,258.51,2517.31,SAR_FILED
LN-202607-020612,2026-07,THIRD_PARTY_SYNTHETIC,2026-09-06,6013.49,1436.07,4577.42,SAR_FILED
LN-202607-020626,2026-07,IDENTITY_THEFT,2026-09-05,4957.28,389.43,4567.85,SAR_FILED
LN-202607-021260,2026-07,FIRST_PARTY_FRAUD,2026-09-06,10498.31,1794.14,8704.18,MANUAL_INVESTIGATION
LN-202607-021846,2026-07,FIRST_PARTY_FRAUD,2026-09-08,11037.10,1771.03,9266.07,SAR_FILED
LN-202607-022491,2026-07,THIRD_PARTY_SYNTHETIC,2026-09-13,12100.79,266.06,11834.73,CHARGEOFF_FILE
LN-202607-022573,2026-07,THIRD_PARTY_SYNTHETIC,2026-09-13,14748.87,2095.31,12653.56,CHARGEOFF_FILE
LN-202607-023165,2026-07,THIRD_PARTY_SYNTHETIC,2026-09-01,3632.14,556.33,3075.81,CHARGEOFF_FILE
LN-202607-023185,2026-07,THIRD_PARTY_SYNTHETIC,2026-09-05,14115.31,1552.05,12563.26,CHARGEOFF_FILE
LN-202607-023431,2026-07,THIRD_PARTY_SYNTHETIC,2026-09-15,2900.60,72.66,2827.94,SAR_FILED
LN-202607-025024,2026-07,IDENTITY_THEFT,2026-09-02,13772.09,690.64,13081.45,CHARGEOFF_FILE
LN-202607-025479,2026-07,FIRST_PARTY_FRAUD,2026-09-09,7017.74,1097.86,5919.88,SAR_FILED
LN-202607-025734,2026-07,FIRST_PARTY_FRAUD,2026-09-11,6882.41,1093.94,5788.47,MANUAL_INVESTIGATION
LN-202607-027221,2026-07,IDENTITY_THEFT,2026-09-15,12210.46,1042.87,11167.59,SAR_FILED
LN-202607-028006,2026-07,FIRST_PARTY_FRAUD,2026-09-06,3330.07,587.96,2742.11,MANUAL_INVESTIGATION
LN-202607-029313,2026-07,IDENTITY_THEFT,2026-09-13,2500.41,184.39,2316.02,SAR_FILED
LN-202607-029550,2026-07,FIRST_PARTY_FRAUD,2026-09-11,6343.68,1397.47,4946.21,MANUAL_INVESTIGATION
LN-202607-029622,2026-07,IDENTITY_THEFT,2026-09-15,13720.94,2308.77,11412.18,CHARGEOFF_FILE
