rule_id,rule_name,rule_version,status,risk_typology,owner,last_reviewed_date
R0001,Synthetic Identity check 001,v2.4,RETIRED,SYNTHETIC_IDENTITY,fraud-strategy,2024-09-09
R0002,First Party Fraud check 002,v7.1,RETIRED,FIRST_PARTY_FRAUD,fraud-ops,2024-05-04
R0003,Identity Theft check 003,v6.1,RETIRED,IDENTITY_THEFT,credit-risk,2021-02-02
R0004,Device Anomaly check 004,v6.3,RETIRED,DEVICE_ANOMALY,financial-crime-compliance,2023-05-06
R0005,Velocity Abuse check 005,v3.7,RETIRED,VELOCITY_ABUSE,identity-platform,2024-01-27
R0006,Document Tampering check 006,v2.2,RETIRED,DOCUMENT_TAMPERING,fraud-strategy,2021-07-29
R0007,Income Misrepresentation check 007,v3.1,RETIRED,INCOME_MISREPRESENTATION,fraud-ops,2024-04-09
R0008,Account Takeover check 008,v2.1,ACTIVE,ACCOUNT_TAKEOVER,credit-risk,2026-07-05
R0009,Bot Automation check 009,v2.7,RETIRED,BOT_AUTOMATION,financial-crime-compliance,2022-03-06
R0010,Mule Account check 010,v3.6,RETIRED,MULE_ACCOUNT,identity-platform,2023-08-15
R0011,Pii Mismatch check 011,v5.9,RETIRED,PII_MISMATCH,fraud-strategy,2021-04-27
R0012,Geo Anomaly check 012,v1.6,RETIRED,GEO_ANOMALY,fraud-ops,2020-10-15
R0013,Synthetic Identity check 013,v5.7,RETIRED,SYNTHETIC_IDENTITY,credit-risk,2023-08-23
R0014,First Party Fraud check 014,v6.1,RETIRED,FIRST_PARTY_FRAUD,financial-crime-compliance,2023-12-15
R0015,Identity Theft check 015,v5.0,RETIRED,IDENTITY_THEFT,identity-platform,2020-11-16
R0016,Device Anomaly check 016,v7.5,RETIRED,DEVICE_ANOMALY,fraud-strategy,2023-07-16
R0017,Velocity Abuse check 017,v3.8,RETIRED,VELOCITY_ABUSE,fraud-ops,2020-10-10
R0018,Document Tampering check 018,v7.1,RETIRED,DOCUMENT_TAMPERING,credit-risk,2020-12-30
R0019,Income Misrepresentation check 019,v2.6,RETIRED,INCOME_MISREPRESENTATION,financial-crime-compliance,2021-04-09
R0020,Account Takeover check 020,v3.9,RETIRED,ACCOUNT_TAKEOVER,identity-platform,2022-10-16
R0021,Bot Automation check 021,v6.3,RETIRED,BOT_AUTOMATION,fraud-strategy,2022-04-15
R0022,Mule Account check 022,v7.2,RETIRED,MULE_ACCOUNT,fraud-ops,2022-11-02
R0023,Pii Mismatch check 023,v1.9,RETIRED,PII_MISMATCH,credit-risk,2023-07-30
R0024,Geo Anomaly check 024,v6.5,RETIRED,GEO_ANOMALY,financial-crime-compliance,2024-12-11
R0025,Synthetic Identity check 025,v2.6,RETIRED,SYNTHETIC_IDENTITY,identity-platform,2022-04-12
R0026,First Party Fraud check 026,v6.2,RETIRED,FIRST_PARTY_FRAUD,fraud-strategy,2020-09-26
R0027,Identity Theft check 027,v7.8,RETIRED,IDENTITY_THEFT,fraud-ops,2021-12-16
R0028,Device Anomaly check 028,v6.5,RETIRED,DEVICE_ANOMALY,credit-risk,2020-12-12
R0029,Velocity Abuse check 029,v7.3,RETIRED,VELOCITY_ABUSE,financial-crime-compliance,2021-08-07
R0030,Document Tampering check 030,v4.4,RETIRED,DOCUMENT_TAMPERING,identity-platform,2024-02-03
R0031,Income Misrepresentation check 031,v3.6,SHADOW,INCOME_MISREPRESENTATION,fraud-strategy,2026-07-12
R0032,Account Takeover check 032,v4.8,RETIRED,ACCOUNT_TAKEOVER,fraud-ops,2025-02-23
R0033,Bot Automation check 033,v3.7,RETIRED,BOT_AUTOMATION,credit-risk,2024-02-27
R0034,Mule Account check 034,v4.1,RETIRED,MULE_ACCOUNT,financial-crime-compliance,2024-02-04
R0035,Pii Mismatch check 035,v3.8,RETIRED,PII_MISMATCH,identity-platform,2021-07-05
R0036,Geo Anomaly check 036,v3.3,SHADOW,GEO_ANOMALY,fraud-strategy,2025-09-11
R0037,Synthetic Identity check 037,v6.3,RETIRED,SYNTHETIC_IDENTITY,fraud-ops,2024-02-16
R0038,First Party Fraud check 038,v1.0,ACTIVE,FIRST_PARTY_FRAUD,credit-risk,2026-04-16
R0039,Identity Theft check 039,v1.6,RETIRED,IDENTITY_THEFT,financial-crime-compliance,2023-01-27
R0040,Device Anomaly check 040,v2.4,RETIRED,DEVICE_ANOMALY,identity-platform,2021-07-17
R0041,Velocity Abuse check 041,v5.0,ACTIVE,VELOCITY_ABUSE,fraud-strategy,2026-07-17
R0042,Document Tampering check 042,v6.3,RETIRED,DOCUMENT_TAMPERING,fraud-ops,2023-03-16
R0043,Income Misrepresentation check 043,v3.8,ACTIVE,INCOME_MISREPRESENTATION,credit-risk,2026-06-27
R0044,Account Takeover check 044,v3.0,RETIRED,ACCOUNT_TAKEOVER,financial-crime-compliance,2023-07-08
R0045,Bot Automation check 045,v4.4,ACTIVE,BOT_AUTOMATION,identity-platform,2026-02-01
R0046,Mule Account check 046,v5.9,RETIRED,MULE_ACCOUNT,fraud-strategy,2024-05-19
R0047,Pii Mismatch check 047,v4.4,RETIRED,PII_MISMATCH,fraud-ops,2025-06-13
R0048,Geo Anomaly check 048,v6.5,RETIRED,GEO_ANOMALY,credit-risk,2021-02-06
R0049,Synthetic Identity check 049,v6.5,RETIRED,SYNTHETIC_IDENTITY,financial-crime-compliance,2022-12-08
R0050,First Party Fraud check 050,v3.1,RETIRED,FIRST_PARTY_FRAUD,identity-platform,2024-06-04
R0051,Identity Theft check 051,v2.2,RETIRED,IDENTITY_THEFT,fraud-strategy,2021-01-14
R0052,Device Anomaly check 052,v6.1,RETIRED,DEVICE_ANOMALY,fraud-ops,2021-09-11
R0053,Velocity Abuse check 053,v2.4,RETIRED,VELOCITY_ABUSE,credit-risk,2021-02-21
R0054,Document Tampering check 054,v1.4,RETIRED,DOCUMENT_TAMPERING,financial-crime-compliance,2021-01-04
R0055,Income Misrepresentation check 055,v6.7,RETIRED,INCOME_MISREPRESENTATION,identity-platform,2025-01-02
R0056,Account Takeover check 056,v5.5,RETIRED,ACCOUNT_TAKEOVER,fraud-strategy,2021-08-09
R0057,Bot Automation check 057,v4.3,RETIRED,BOT_AUTOMATION,fraud-ops,2021-05-14
R0058,Mule Account check 058,v2.2,RETIRED,MULE_ACCOUNT,credit-risk,2021-05-02
R0059,Pii Mismatch check 059,v5.0,RETIRED,PII_MISMATCH,financial-crime-compliance,2023-08-23
R0060,Geo Anomaly check 060,v5.7,RETIRED,GEO_ANOMALY,identity-platform,2021-01-24
R0061,Synthetic Identity check 061,v2.1,RETIRED,SYNTHETIC_IDENTITY,fraud-strategy,2021-08-06
R0062,First Party Fraud check 062,v5.9,RETIRED,FIRST_PARTY_FRAUD,fraud-ops,2021-10-27
R0063,Identity Theft check 063,v5.4,RETIRED,IDENTITY_THEFT,credit-risk,2021-04-22
R0064,Device Anomaly check 064,v6.8,ACTIVE,DEVICE_ANOMALY,financial-crime-compliance,2026-04-24
R0065,Velocity Abuse check 065,v5.1,RETIRED,VELOCITY_ABUSE,identity-platform,2023-08-20
R0066,Document Tampering check 066,v4.0,RETIRED,DOCUMENT_TAMPERING,fraud-strategy,2022-04-14
R0067,Income Misrepresentation check 067,v6.3,RETIRED,INCOME_MISREPRESENTATION,fraud-ops,2023-08-29
R0068,Account Takeover check 068,v2.1,RETIRED,ACCOUNT_TAKEOVER,credit-risk,2023-06-04
R0069,Bot Automation check 069,v3.2,RETIRED,BOT_AUTOMATION,financial-crime-compliance,2024-07-28
R0070,Mule Account check 070,v1.5,ACTIVE,MULE_ACCOUNT,identity-platform,2025-11-22
R0071,Pii Mismatch check 071,v1.6,ACTIVE,PII_MISMATCH,fraud-strategy,2026-06-21
R0072,Geo Anomaly check 072,v5.1,RETIRED,GEO_ANOMALY,fraud-ops,2022-10-09
R0073,Synthetic Identity check 073,v5.9,RETIRED,SYNTHETIC_IDENTITY,credit-risk,2022-03-17
R0074,First Party Fraud check 074,v4.7,RETIRED,FIRST_PARTY_FRAUD,financial-crime-compliance,2021-02-11
R0075,Identity Theft check 075,v6.3,RETIRED,IDENTITY_THEFT,identity-platform,2020-12-18
R0076,Device Anomaly check 076,v1.8,ACTIVE,DEVICE_ANOMALY,fraud-strategy,2026-02-25
R0077,Velocity Abuse check 077,v4.9,RETIRED,VELOCITY_ABUSE,fraud-ops,2023-02-25
R0078,Document Tampering check 078,v3.2,RETIRED,DOCUMENT_TAMPERING,credit-risk,2022-09-01
R0079,Income Misrepresentation check 079,v2.0,ACTIVE,INCOME_MISREPRESENTATION,financial-crime-compliance,2026-01-15
R0080,Account Takeover check 080,v5.7,RETIRED,ACCOUNT_TAKEOVER,identity-platform,2022-02-27
R0081,Bot Automation check 081,v5.4,ACTIVE,BOT_AUTOMATION,fraud-strategy,2026-04-02
R0082,Mule Account check 082,v6.0,RETIRED,MULE_ACCOUNT,fraud-ops,2024-08-01
R0083,Pii Mismatch check 083,v4.3,RETIRED,PII_MISMATCH,credit-risk,2022-10-08
R0084,Geo Anomaly check 084,v4.2,RETIRED,GEO_ANOMALY,financial-crime-compliance,2021-06-14
R0085,Synthetic Identity check 085,v7.7,RETIRED,SYNTHETIC_IDENTITY,identity-platform,2024-11-23
R0086,First Party Fraud check 086,v4.9,RETIRED,FIRST_PARTY_FRAUD,fraud-strategy,2024-09-25
R0087,Identity Theft check 087,v4.9,RETIRED,IDENTITY_THEFT,fraud-ops,2021-09-24
R0088,Device Anomaly check 088,v4.8,RETIRED,DEVICE_ANOMALY,credit-risk,2023-08-16
R0089,Velocity Abuse check 089,v7.7,RETIRED,VELOCITY_ABUSE,financial-crime-compliance,2024-05-16
R0090,Document Tampering check 090,v6.3,RETIRED,DOCUMENT_TAMPERING,identity-platform,2020-12-09
R0091,Income Misrepresentation check 091,v7.2,RETIRED,INCOME_MISREPRESENTATION,fraud-strategy,2022-09-17
R0092,Account Takeover check 092,v5.0,RETIRED,ACCOUNT_TAKEOVER,fraud-ops,2022-05-01
R0093,Bot Automation check 093,v1.8,RETIRED,BOT_AUTOMATION,credit-risk,2021-06-28
R0094,Mule Account check 094,v6.0,RETIRED,MULE_ACCOUNT,financial-crime-compliance,2022-04-27
R0095,Pii Mismatch check 095,v5.5,RETIRED,PII_MISMATCH,identity-platform,2021-11-07
R0096,Geo Anomaly check 096,v2.8,ACTIVE,GEO_ANOMALY,fraud-strategy,2026-05-04
R0097,Synthetic Identity check 097,v1.0,RETIRED,SYNTHETIC_IDENTITY,fraud-ops,2021-07-08
R0098,First Party Fraud check 098,v4.0,RETIRED,FIRST_PARTY_FRAUD,credit-risk,2020-11-16
R0099,Identity Theft check 099,v4.3,ACTIVE,IDENTITY_THEFT,financial-crime-compliance,2025-12-26
R0100,Device Anomaly check 100,v6.9,RETIRED,DEVICE_ANOMALY,identity-platform,2022-12-20
R0101,Velocity Abuse check 101,v2.1,RETIRED,VELOCITY_ABUSE,fraud-strategy,2021-01-10
R0102,Document Tampering check 102,v3.2,RETIRED,DOCUMENT_TAMPERING,fraud-ops,2025-02-09
R0103,Income Misrepresentation check 103,v2.8,RETIRED,INCOME_MISREPRESENTATION,credit-risk,2023-12-19
R0104,Account Takeover check 104,v5.4,RETIRED,ACCOUNT_TAKEOVER,financial-crime-compliance,2021-05-09
R0105,Bot Automation check 105,v7.7,RETIRED,BOT_AUTOMATION,identity-platform,2021-03-10
R0106,Mule Account check 106,v6.7,RETIRED,MULE_ACCOUNT,fraud-strategy,2020-09-21
R0107,Pii Mismatch check 107,v6.7,RETIRED,PII_MISMATCH,fraud-ops,2021-05-30
R0108,Geo Anomaly check 108,v3.5,ACTIVE,GEO_ANOMALY,credit-risk,2025-06-28
R0109,Synthetic Identity check 109,v2.1,SHADOW,SYNTHETIC_IDENTITY,financial-crime-compliance,2026-07-11
R0110,First Party Fraud check 110,v1.9,RETIRED,FIRST_PARTY_FRAUD,identity-platform,2021-11-09
R0111,Identity Theft check 111,v7.9,RETIRED,IDENTITY_THEFT,fraud-strategy,2022-04-07
R0112,Device Anomaly check 112,v2.5,RETIRED,DEVICE_ANOMALY,fraud-ops,2025-02-18
R0113,Velocity Abuse check 113,v3.8,RETIRED,VELOCITY_ABUSE,credit-risk,2022-07-22
R0114,Document Tampering check 114,v4.3,RETIRED,DOCUMENT_TAMPERING,financial-crime-compliance,2021-12-09
R0115,Income Misrepresentation check 115,v4.6,ACTIVE,INCOME_MISREPRESENTATION,identity-platform,2026-04-03
R0116,Account Takeover check 116,v5.6,RETIRED,ACCOUNT_TAKEOVER,fraud-strategy,2022-06-05
R0117,Bot Automation check 117,v5.6,RETIRED,BOT_AUTOMATION,fraud-ops,2021-08-03
R0118,Mule Account check 118,v2.3,RETIRED,MULE_ACCOUNT,credit-risk,2024-10-13
R0119,Pii Mismatch check 119,v2.8,RETIRED,PII_MISMATCH,financial-crime-compliance,2025-03-02
R0120,Geo Anomaly check 120,v2.4,RETIRED,GEO_ANOMALY,identity-platform,2024-03-11
R0121,Synthetic Identity check 121,v3.2,RETIRED,SYNTHETIC_IDENTITY,fraud-strategy,2024-11-17
R0122,First Party Fraud check 122,v4.2,RETIRED,FIRST_PARTY_FRAUD,fraud-ops,2021-08-02
R0123,Identity Theft check 123,v3.8,RETIRED,IDENTITY_THEFT,credit-risk,2024-04-16
R0124,Device Anomaly check 124,v3.1,RETIRED,DEVICE_ANOMALY,financial-crime-compliance,2021-12-09
R0125,Velocity Abuse check 125,v1.2,RETIRED,VELOCITY_ABUSE,identity-platform,2022-02-07
R0126,Document Tampering check 126,v5.1,RETIRED,DOCUMENT_TAMPERING,fraud-strategy,2023-10-13
R0127,Income Misrepresentation check 127,v1.4,RETIRED,INCOME_MISREPRESENTATION,fraud-ops,2023-05-27
R0128,Account Takeover check 128,v3.1,RETIRED,ACCOUNT_TAKEOVER,credit-risk,2021-11-14
R0129,Bot Automation check 129,v2.7,ACTIVE,BOT_AUTOMATION,financial-crime-compliance,2026-01-07
R0130,Mule Account check 130,v3.4,ACTIVE,MULE_ACCOUNT,identity-platform,2025-04-29
R0131,Pii Mismatch check 131,v2.2,RETIRED,PII_MISMATCH,fraud-strategy,2025-02-26
R0132,Geo Anomaly check 132,v5.8,RETIRED,GEO_ANOMALY,fraud-ops,2024-06-23
R0133,Synthetic Identity check 133,v5.1,RETIRED,SYNTHETIC_IDENTITY,credit-risk,2025-02-28
R0134,First Party Fraud check 134,v5.0,RETIRED,FIRST_PARTY_FRAUD,financial-crime-compliance,2023-06-14
R0135,Identity Theft check 135,v6.1,RETIRED,IDENTITY_THEFT,identity-platform,2025-03-07
R0136,Device Anomaly check 136,v3.8,RETIRED,DEVICE_ANOMALY,fraud-strategy,2023-08-29
R0137,Velocity Abuse check 137,v3.8,RETIRED,VELOCITY_ABUSE,fraud-ops,2021-05-24
R0138,Document Tampering check 138,v4.8,RETIRED,DOCUMENT_TAMPERING,credit-risk,2022-10-17
R0139,Income Misrepresentation check 139,v4.3,RETIRED,INCOME_MISREPRESENTATION,financial-crime-compliance,2025-07-18
R0140,Account Takeover check 140,v6.0,ACTIVE,ACCOUNT_TAKEOVER,identity-platform,2026-01-19
R0141,Bot Automation check 141,v5.7,RETIRED,BOT_AUTOMATION,fraud-strategy,2022-03-30
R0142,Mule Account check 142,v6.2,ACTIVE,MULE_ACCOUNT,fraud-ops,2026-02-01
R0143,Pii Mismatch check 143,v7.1,RETIRED,PII_MISMATCH,credit-risk,2022-10-29
R0144,Geo Anomaly check 144,v5.4,RETIRED,GEO_ANOMALY,financial-crime-compliance,2022-05-12
R0145,Synthetic Identity check 145,v1.9,RETIRED,SYNTHETIC_IDENTITY,identity-platform,2024-08-09
R0146,First Party Fraud check 146,v7.2,RETIRED,FIRST_PARTY_FRAUD,fraud-strategy,2022-08-16
R0147,Identity Theft check 147,v7.6,ACTIVE,IDENTITY_THEFT,fraud-ops,2026-05-30
R0148,Device Anomaly check 148,v7.2,RETIRED,DEVICE_ANOMALY,credit-risk,2025-02-22
R0149,Velocity Abuse check 149,v2.9,RETIRED,VELOCITY_ABUSE,financial-crime-compliance,2020-09-25
R0150,Document Tampering check 150,v4.0,RETIRED,DOCUMENT_TAMPERING,identity-platform,2022-04-06
R0151,Income Misrepresentation check 151,v6.0,RETIRED,INCOME_MISREPRESENTATION,fraud-strategy,2023-06-06
R0152,Account Takeover check 152,v6.7,RETIRED,ACCOUNT_TAKEOVER,fraud-ops,2024-04-02
R0153,Bot Automation check 153,v7.2,RETIRED,BOT_AUTOMATION,credit-risk,2023-09-22
R0154,Mule Account check 154,v5.0,RETIRED,MULE_ACCOUNT,financial-crime-compliance,2023-11-16
R0155,Pii Mismatch check 155,v3.2,RETIRED,PII_MISMATCH,identity-platform,2020-09-22
R0156,Geo Anomaly check 156,v4.2,RETIRED,GEO_ANOMALY,fraud-strategy,2024-07-14
R0157,Synthetic Identity check 157,v1.7,SHADOW,SYNTHETIC_IDENTITY,fraud-ops,2026-03-22
R0158,First Party Fraud check 158,v4.2,ACTIVE,FIRST_PARTY_FRAUD,credit-risk,2025-10-31
R0159,Identity Theft check 159,v4.2,RETIRED,IDENTITY_THEFT,financial-crime-compliance,2020-11-19
R0160,Device Anomaly check 160,v3.4,RETIRED,DEVICE_ANOMALY,identity-platform,2023-03-09
R0161,Velocity Abuse check 161,v4.5,RETIRED,VELOCITY_ABUSE,fraud-strategy,2024-03-20
R0162,Document Tampering check 162,v7.9,RETIRED,DOCUMENT_TAMPERING,fraud-ops,2021-03-07
R0163,Income Misrepresentation check 163,v3.8,RETIRED,INCOME_MISREPRESENTATION,credit-risk,2023-09-22
R0164,Account Takeover check 164,v5.5,RETIRED,ACCOUNT_TAKEOVER,financial-crime-compliance,2024-07-30
R0165,Bot Automation check 165,v1.4,RETIRED,BOT_AUTOMATION,identity-platform,2021-10-08
R0166,Mule Account check 166,v1.8,RETIRED,MULE_ACCOUNT,fraud-strategy,2021-12-28
R0167,Pii Mismatch check 167,v5.5,RETIRED,PII_MISMATCH,fraud-ops,2022-05-18
R0168,Geo Anomaly check 168,v6.0,RETIRED,GEO_ANOMALY,credit-risk,2025-03-28
R0169,Synthetic Identity check 169,v6.6,RETIRED,SYNTHETIC_IDENTITY,financial-crime-compliance,2022-09-21
R0170,First Party Fraud check 170,v6.3,RETIRED,FIRST_PARTY_FRAUD,identity-platform,2021-03-19
R0171,Identity Theft check 171,v1.0,ACTIVE,IDENTITY_THEFT,fraud-strategy,2026-02-28
R0172,Device Anomaly check 172,v4.1,RETIRED,DEVICE_ANOMALY,fraud-ops,2022-05-03
R0173,Velocity Abuse check 173,v1.4,RETIRED,VELOCITY_ABUSE,credit-risk,2021-10-07
R0174,Document Tampering check 174,v1.5,RETIRED,DOCUMENT_TAMPERING,financial-crime-compliance,2022-04-03
R0175,Income Misrepresentation check 175,v2.9,RETIRED,INCOME_MISREPRESENTATION,identity-platform,2024-05-07
R0176,Account Takeover check 176,v1.3,RETIRED,ACCOUNT_TAKEOVER,fraud-strategy,2020-09-19
R0177,Bot Automation check 177,v6.3,RETIRED,BOT_AUTOMATION,fraud-ops,2025-08-11
R0178,Mule Account check 178,v5.0,RETIRED,MULE_ACCOUNT,credit-risk,2020-10-26
R0179,Pii Mismatch check 179,v2.0,RETIRED,PII_MISMATCH,financial-crime-compliance,2021-07-29
R0180,Geo Anomaly check 180,v5.3,RETIRED,GEO_ANOMALY,identity-platform,2021-08-09
R0181,Synthetic Identity check 181,v3.2,RETIRED,SYNTHETIC_IDENTITY,fraud-strategy,2024-03-04
R0182,First Party Fraud check 182,v5.7,RETIRED,FIRST_PARTY_FRAUD,fraud-ops,2025-03-10
R0183,Identity Theft check 183,v7.2,RETIRED,IDENTITY_THEFT,credit-risk,2024-10-11
R0184,Device Anomaly check 184,v3.5,RETIRED,DEVICE_ANOMALY,financial-crime-compliance,2020-09-15
R0185,Velocity Abuse check 185,v1.5,RETIRED,VELOCITY_ABUSE,identity-platform,2025-01-19
R0186,Document Tampering check 186,v5.7,RETIRED,DOCUMENT_TAMPERING,fraud-strategy,2021-03-31
R0187,Income Misrepresentation check 187,v7.0,RETIRED,INCOME_MISREPRESENTATION,fraud-ops,2021-03-26
R0188,Account Takeover check 188,v1.0,RETIRED,ACCOUNT_TAKEOVER,credit-risk,2024-06-11
R0189,Bot Automation check 189,v1.4,RETIRED,BOT_AUTOMATION,financial-crime-compliance,2022-08-18
R0190,Mule Account check 190,v7.4,RETIRED,MULE_ACCOUNT,identity-platform,2022-04-01
R0191,Pii Mismatch check 191,v4.4,RETIRED,PII_MISMATCH,fraud-strategy,2022-03-26
R0192,Geo Anomaly check 192,v6.9,RETIRED,GEO_ANOMALY,fraud-ops,2025-03-10
R0193,Synthetic Identity check 193,v6.7,RETIRED,SYNTHETIC_IDENTITY,credit-risk,2025-07-04
R0194,First Party Fraud check 194,v3.6,RETIRED,FIRST_PARTY_FRAUD,financial-crime-compliance,2021-08-21
R0195,Identity Theft check 195,v3.6,RETIRED,IDENTITY_THEFT,identity-platform,2022-07-14
R0196,Device Anomaly check 196,v7.3,RETIRED,DEVICE_ANOMALY,fraud-strategy,2023-01-14
R0197,Velocity Abuse check 197,v3.9,RETIRED,VELOCITY_ABUSE,fraud-ops,2020-11-29
R0198,Document Tampering check 198,v6.7,RETIRED,DOCUMENT_TAMPERING,credit-risk,2021-04-30
R0199,Income Misrepresentation check 199,v2.3,RETIRED,INCOME_MISREPRESENTATION,financial-crime-compliance,2024-09-03
R0200,Account Takeover check 200,v1.3,RETIRED,ACCOUNT_TAKEOVER,identity-platform,2021-08-20
R0201,Bot Automation check 201,v3.0,RETIRED,BOT_AUTOMATION,fraud-strategy,2022-01-02
R0202,Mule Account check 202,v1.7,RETIRED,MULE_ACCOUNT,fraud-ops,2025-01-13
R0203,Pii Mismatch check 203,v3.4,RETIRED,PII_MISMATCH,credit-risk,2021-07-27
R0204,Geo Anomaly check 204,v7.1,RETIRED,GEO_ANOMALY,financial-crime-compliance,2025-08-11
R0205,Synthetic Identity check 205,v1.8,RETIRED,SYNTHETIC_IDENTITY,identity-platform,2025-04-28
R0206,First Party Fraud check 206,v5.7,RETIRED,FIRST_PARTY_FRAUD,fraud-strategy,2023-09-20
R0207,Identity Theft check 207,v1.6,RETIRED,IDENTITY_THEFT,fraud-ops,2022-05-31
R0208,Device Anomaly check 208,v5.8,RETIRED,DEVICE_ANOMALY,credit-risk,2023-10-05
R0209,Velocity Abuse check 209,v2.2,RETIRED,VELOCITY_ABUSE,financial-crime-compliance,2023-06-07
R0210,Document Tampering check 210,v4.7,RETIRED,DOCUMENT_TAMPERING,identity-platform,2021-01-02
R0211,Income Misrepresentation check 211,v4.9,RETIRED,INCOME_MISREPRESENTATION,fraud-strategy,2024-06-10
R0212,Account Takeover check 212,v5.1,RETIRED,ACCOUNT_TAKEOVER,fraud-ops,2021-09-07
R0213,Bot Automation check 213,v7.0,SHADOW,BOT_AUTOMATION,credit-risk,2025-11-04
R0214,Mule Account check 214,v1.4,RETIRED,MULE_ACCOUNT,financial-crime-compliance,2021-11-16
R0215,Pii Mismatch check 215,v1.2,SHADOW,PII_MISMATCH,identity-platform,2026-08-23
R0216,Geo Anomaly check 216,v5.3,RETIRED,GEO_ANOMALY,fraud-strategy,2024-11-10
R0217,Synthetic Identity check 217,v6.9,ACTIVE,SYNTHETIC_IDENTITY,fraud-ops,2025-03-31
R0218,First Party Fraud check 218,v5.6,RETIRED,FIRST_PARTY_FRAUD,credit-risk,2021-03-31
R0219,Identity Theft check 219,v2.6,RETIRED,IDENTITY_THEFT,financial-crime-compliance,2025-02-08
R0220,Device Anomaly check 220,v6.3,RETIRED,DEVICE_ANOMALY,identity-platform,2024-08-08
R0221,Velocity Abuse check 221,v6.6,RETIRED,VELOCITY_ABUSE,fraud-strategy,2023-01-11
R0222,Document Tampering check 222,v6.0,RETIRED,DOCUMENT_TAMPERING,fraud-ops,2025-08-07
R0223,Income Misrepresentation check 223,v6.4,RETIRED,INCOME_MISREPRESENTATION,credit-risk,2024-08-07
R0224,Account Takeover check 224,v2.9,RETIRED,ACCOUNT_TAKEOVER,financial-crime-compliance,2023-08-30
R0225,Bot Automation check 225,v4.4,RETIRED,BOT_AUTOMATION,identity-platform,2022-07-08
R0226,Mule Account check 226,v5.1,RETIRED,MULE_ACCOUNT,fraud-strategy,2024-01-09
R0227,Pii Mismatch check 227,v2.0,ACTIVE,PII_MISMATCH,fraud-ops,2025-12-15
R0228,Geo Anomaly check 228,v7.2,ACTIVE,GEO_ANOMALY,credit-risk,2026-02-12
R0229,Synthetic Identity check 229,v3.9,RETIRED,SYNTHETIC_IDENTITY,financial-crime-compliance,2021-07-15
R0230,First Party Fraud check 230,v5.9,RETIRED,FIRST_PARTY_FRAUD,identity-platform,2021-09-25
R0231,Identity Theft check 231,v2.0,RETIRED,IDENTITY_THEFT,fraud-strategy,2024-11-26
R0232,Device Anomaly check 232,v1.7,RETIRED,DEVICE_ANOMALY,fraud-ops,2024-03-05
R0233,Velocity Abuse check 233,v2.3,RETIRED,VELOCITY_ABUSE,credit-risk,2022-03-20
R0234,Document Tampering check 234,v6.8,RETIRED,DOCUMENT_TAMPERING,financial-crime-compliance,2024-03-29
R0235,Income Misrepresentation check 235,v1.9,RETIRED,INCOME_MISREPRESENTATION,identity-platform,2023-05-20
R0236,Account Takeover check 236,v1.4,RETIRED,ACCOUNT_TAKEOVER,fraud-strategy,2021-08-27
R0237,Bot Automation check 237,v5.4,RETIRED,BOT_AUTOMATION,fraud-ops,2022-11-01
R0238,Mule Account check 238,v7.0,RETIRED,MULE_ACCOUNT,credit-risk,2023-02-05
R0239,Pii Mismatch check 239,v2.4,RETIRED,PII_MISMATCH,financial-crime-compliance,2024-07-29
R0240,Geo Anomaly check 240,v7.5,RETIRED,GEO_ANOMALY,identity-platform,2022-09-29
R0241,Synthetic Identity check 241,v7.4,RETIRED,SYNTHETIC_IDENTITY,fraud-strategy,2022-06-23
R0242,First Party Fraud check 242,v3.6,ACTIVE,FIRST_PARTY_FRAUD,fraud-ops,2026-05-31
R0243,Identity Theft check 243,v4.9,RETIRED,IDENTITY_THEFT,credit-risk,2023-09-03
R0244,Device Anomaly check 244,v7.9,RETIRED,DEVICE_ANOMALY,financial-crime-compliance,2021-05-08
R0245,Velocity Abuse check 245,v5.2,RETIRED,VELOCITY_ABUSE,identity-platform,2022-01-01
R0246,Document Tampering check 246,v5.8,RETIRED,DOCUMENT_TAMPERING,fraud-strategy,2020-10-11
R0247,Income Misrepresentation check 247,v3.2,ACTIVE,INCOME_MISREPRESENTATION,fraud-ops,2026-02-06
R0248,Account Takeover check 248,v5.7,RETIRED,ACCOUNT_TAKEOVER,credit-risk,2021-11-09
R0249,Bot Automation check 249,v2.9,RETIRED,BOT_AUTOMATION,financial-crime-compliance,2022-03-27
R0250,Mule Account check 250,v5.1,ACTIVE,MULE_ACCOUNT,identity-platform,2026-02-07
R0251,Pii Mismatch check 251,v3.2,RETIRED,PII_MISMATCH,fraud-strategy,2025-05-22
R0252,Geo Anomaly check 252,v7.1,ACTIVE,GEO_ANOMALY,fraud-ops,2024-07-01
R0253,Synthetic Identity check 253,v2.5,RETIRED,SYNTHETIC_IDENTITY,credit-risk,2020-10-31
R0254,First Party Fraud check 254,v7.8,RETIRED,FIRST_PARTY_FRAUD,financial-crime-compliance,2024-09-08
R0255,Identity Theft check 255,v5.0,SHADOW,IDENTITY_THEFT,identity-platform,2026-07-21
R0256,Device Anomaly check 256,v3.9,RETIRED,DEVICE_ANOMALY,fraud-strategy,2022-04-08
R0257,Velocity Abuse check 257,v3.9,RETIRED,VELOCITY_ABUSE,fraud-ops,2021-12-08
R0258,Document Tampering check 258,v4.9,RETIRED,DOCUMENT_TAMPERING,credit-risk,2025-07-10
R0259,Income Misrepresentation check 259,v4.4,RETIRED,INCOME_MISREPRESENTATION,financial-crime-compliance,2023-04-11
R0260,Account Takeover check 260,v3.6,RETIRED,ACCOUNT_TAKEOVER,identity-platform,2021-12-25
R0261,Bot Automation check 261,v7.3,ACTIVE,BOT_AUTOMATION,fraud-strategy,2025-12-23
R0262,Mule Account check 262,v2.2,SHADOW,MULE_ACCOUNT,fraud-ops,2026-04-15
R0263,Pii Mismatch check 263,v3.6,RETIRED,PII_MISMATCH,credit-risk,2022-06-03
R0264,Geo Anomaly check 264,v2.6,RETIRED,GEO_ANOMALY,financial-crime-compliance,2022-12-30
R0265,Synthetic Identity check 265,v5.5,RETIRED,SYNTHETIC_IDENTITY,identity-platform,2022-01-21
R0266,First Party Fraud check 266,v1.0,RETIRED,FIRST_PARTY_FRAUD,fraud-strategy,2021-02-26
R0267,Identity Theft check 267,v2.8,RETIRED,IDENTITY_THEFT,fraud-ops,2024-04-29
R0268,Device Anomaly check 268,v3.4,RETIRED,DEVICE_ANOMALY,credit-risk,2022-01-31
R0269,Velocity Abuse check 269,v5.8,ACTIVE,VELOCITY_ABUSE,financial-crime-compliance,2025-06-16
R0270,Document Tampering check 270,v2.3,RETIRED,DOCUMENT_TAMPERING,identity-platform,2022-07-03
R0271,Income Misrepresentation check 271,v6.4,RETIRED,INCOME_MISREPRESENTATION,fraud-strategy,2021-03-05
R0272,Account Takeover check 272,v5.9,RETIRED,ACCOUNT_TAKEOVER,fraud-ops,2025-04-29
R0273,Bot Automation check 273,v5.3,ACTIVE,BOT_AUTOMATION,credit-risk,2026-04-26
R0274,Mule Account check 274,v6.7,RETIRED,MULE_ACCOUNT,financial-crime-compliance,2023-11-24
R0275,Pii Mismatch check 275,v2.2,RETIRED,PII_MISMATCH,identity-platform,2025-04-27
R0276,Geo Anomaly check 276,v5.8,RETIRED,GEO_ANOMALY,fraud-strategy,2025-07-28
R0277,Synthetic Identity check 277,v3.4,RETIRED,SYNTHETIC_IDENTITY,fraud-ops,2021-08-29
R0278,First Party Fraud check 278,v4.8,SHADOW,FIRST_PARTY_FRAUD,credit-risk,2025-11-09
R0279,Identity Theft check 279,v5.7,RETIRED,IDENTITY_THEFT,financial-crime-compliance,2025-07-11
R0280,Device Anomaly check 280,v5.7,RETIRED,DEVICE_ANOMALY,identity-platform,2021-10-13
R0281,Velocity Abuse check 281,v6.4,ACTIVE,VELOCITY_ABUSE,fraud-strategy,2026-07-04
R0282,Document Tampering check 282,v5.3,RETIRED,DOCUMENT_TAMPERING,fraud-ops,2021-05-17
R0283,Income Misrepresentation check 283,v4.9,RETIRED,INCOME_MISREPRESENTATION,credit-risk,2021-01-23
R0284,Account Takeover check 284,v2.3,RETIRED,ACCOUNT_TAKEOVER,financial-crime-compliance,2021-03-28
R0285,Bot Automation check 285,v7.0,RETIRED,BOT_AUTOMATION,identity-platform,2020-12-17
R0286,Mule Account check 286,v3.5,RETIRED,MULE_ACCOUNT,fraud-strategy,2022-01-12
R0287,Pii Mismatch check 287,v6.1,RETIRED,PII_MISMATCH,fraud-ops,2025-03-22
R0288,Geo Anomaly check 288,v4.9,RETIRED,GEO_ANOMALY,credit-risk,2020-09-19
R0289,Synthetic Identity check 289,v7.1,RETIRED,SYNTHETIC_IDENTITY,financial-crime-compliance,2023-06-22
R0290,First Party Fraud check 290,v6.0,RETIRED,FIRST_PARTY_FRAUD,identity-platform,2020-12-30
R0291,Identity Theft check 291,v4.4,RETIRED,IDENTITY_THEFT,fraud-strategy,2024-09-23
R0292,Device Anomaly check 292,v6.8,RETIRED,DEVICE_ANOMALY,fraud-ops,2023-11-12
R0293,Velocity Abuse check 293,v4.3,RETIRED,VELOCITY_ABUSE,credit-risk,2024-05-02
R0294,Document Tampering check 294,v1.2,RETIRED,DOCUMENT_TAMPERING,financial-crime-compliance,2025-05-04
R0295,Income Misrepresentation check 295,v7.2,RETIRED,INCOME_MISREPRESENTATION,identity-platform,2024-09-16
R0296,Account Takeover check 296,v3.0,RETIRED,ACCOUNT_TAKEOVER,fraud-strategy,2021-03-31
R0297,Bot Automation check 297,v7.9,SHADOW,BOT_AUTOMATION,fraud-ops,2026-04-07
R0298,Mule Account check 298,v4.0,RETIRED,MULE_ACCOUNT,credit-risk,2025-07-12
R0299,Pii Mismatch check 299,v2.8,RETIRED,PII_MISMATCH,financial-crime-compliance,2025-01-07
R0300,Geo Anomaly check 300,v7.1,RETIRED,GEO_ANOMALY,identity-platform,2024-03-31
R0301,Synthetic Identity check 301,v5.7,RETIRED,SYNTHETIC_IDENTITY,fraud-strategy,2022-11-07
R0302,First Party Fraud check 302,v4.0,ACTIVE,FIRST_PARTY_FRAUD,fraud-ops,2026-05-01
R0303,Identity Theft check 303,v3.7,RETIRED,IDENTITY_THEFT,credit-risk,2020-11-27
R0304,Device Anomaly check 304,v3.2,RETIRED,DEVICE_ANOMALY,financial-crime-compliance,2022-04-10
R0305,Velocity Abuse check 305,v4.6,RETIRED,VELOCITY_ABUSE,identity-platform,2025-08-06
R0306,Document Tampering check 306,v5.4,RETIRED,DOCUMENT_TAMPERING,fraud-strategy,2021-05-13
R0307,Income Misrepresentation check 307,v6.2,ACTIVE,INCOME_MISREPRESENTATION,fraud-ops,2025-07-10
R0308,Account Takeover check 308,v5.8,RETIRED,ACCOUNT_TAKEOVER,credit-risk,2022-07-23
R0309,Bot Automation check 309,v4.7,RETIRED,BOT_AUTOMATION,financial-crime-compliance,2024-10-07
R0310,Mule Account check 310,v5.9,ACTIVE,MULE_ACCOUNT,identity-platform,2026-02-22
R0311,Pii Mismatch check 311,v3.7,RETIRED,PII_MISMATCH,fraud-strategy,2024-07-31
R0312,Geo Anomaly check 312,v2.4,SHADOW,GEO_ANOMALY,fraud-ops,2026-03-21
R0313,Synthetic Identity check 313,v4.5,ACTIVE,SYNTHETIC_IDENTITY,credit-risk,2026-02-25
R0314,First Party Fraud check 314,v6.0,RETIRED,FIRST_PARTY_FRAUD,financial-crime-compliance,2020-12-22
R0315,Identity Theft check 315,v5.4,ACTIVE,IDENTITY_THEFT,identity-platform,2025-11-09
R0316,Device Anomaly check 316,v6.5,RETIRED,DEVICE_ANOMALY,fraud-strategy,2020-10-18
R0317,Velocity Abuse check 317,v6.9,RETIRED,VELOCITY_ABUSE,fraud-ops,2020-10-27
R0318,Document Tampering check 318,v2.3,RETIRED,DOCUMENT_TAMPERING,credit-risk,2024-11-18
R0319,Income Misrepresentation check 319,v6.6,RETIRED,INCOME_MISREPRESENTATION,financial-crime-compliance,2023-09-16
R0320,Account Takeover check 320,v4.5,RETIRED,ACCOUNT_TAKEOVER,identity-platform,2023-05-09
R0321,Bot Automation check 321,v5.3,RETIRED,BOT_AUTOMATION,fraud-strategy,2025-07-18
R0322,Mule Account check 322,v5.7,ACTIVE,MULE_ACCOUNT,fraud-ops,2026-07-21
R0323,Pii Mismatch check 323,v6.2,RETIRED,PII_MISMATCH,credit-risk,2021-04-15
R0324,Geo Anomaly check 324,v3.2,RETIRED,GEO_ANOMALY,financial-crime-compliance,2023-06-23
R0325,Synthetic Identity check 325,v6.6,RETIRED,SYNTHETIC_IDENTITY,identity-platform,2023-12-15
R0326,First Party Fraud check 326,v4.0,SHADOW,FIRST_PARTY_FRAUD,fraud-strategy,2025-09-22
R0327,Identity Theft check 327,v7.5,RETIRED,IDENTITY_THEFT,fraud-ops,2022-01-18
R0328,Device Anomaly check 328,v2.5,RETIRED,DEVICE_ANOMALY,credit-risk,2024-08-02
R0329,Velocity Abuse check 329,v4.7,RETIRED,VELOCITY_ABUSE,financial-crime-compliance,2024-01-24
R0330,Document Tampering check 330,v4.6,RETIRED,DOCUMENT_TAMPERING,identity-platform,2022-11-29
R0331,Income Misrepresentation check 331,v2.2,RETIRED,INCOME_MISREPRESENTATION,fraud-strategy,2021-02-13
R0332,Account Takeover check 332,v4.8,RETIRED,ACCOUNT_TAKEOVER,fraud-ops,2020-12-13
R0333,Bot Automation check 333,v4.1,RETIRED,BOT_AUTOMATION,credit-risk,2023-01-15
R0334,Mule Account check 334,v6.7,RETIRED,MULE_ACCOUNT,financial-crime-compliance,2024-07-11
R0335,Pii Mismatch check 335,v3.0,ACTIVE,PII_MISMATCH,identity-platform,2026-01-11
R0336,Geo Anomaly check 336,v6.1,RETIRED,GEO_ANOMALY,fraud-strategy,2023-01-28
R0337,Synthetic Identity check 337,v6.6,RETIRED,SYNTHETIC_IDENTITY,fraud-ops,2020-10-15
R0338,First Party Fraud check 338,v1.8,RETIRED,FIRST_PARTY_FRAUD,credit-risk,2023-09-11
R0339,Identity Theft check 339,v5.2,RETIRED,IDENTITY_THEFT,financial-crime-compliance,2024-01-14
R0340,Device Anomaly check 340,v5.2,RETIRED,DEVICE_ANOMALY,identity-platform,2022-02-27
