rule_id,control_id,mapped_by,mapped_date
R0147,AC-01,control-owner-fraud,2026-07-15
R0171,AC-01,control-owner-fraud,2026-07-15
R0315,AC-01,control-owner-fraud,2026-07-15
R0001,AC-02,control-owner-fraud,2024-02-01
R0217,AC-02,control-owner-fraud,2026-07-15
R0313,AC-02,control-owner-fraud,2026-07-15
R0071,AC-04,control-owner-fraud,2026-07-15
R0227,AC-04,control-owner-fraud,2026-07-15
R0335,AC-04,control-owner-fraud,2026-07-15
R0064,AC-05,control-owner-fraud,2026-07-15
R0076,AC-05,control-owner-fraud,2026-07-15
R0041,AC-06,control-owner-fraud,2026-07-15
R0269,AC-06,control-owner-fraud,2026-07-15
R0281,AC-06,control-owner-fraud,2026-07-15
R0045,AC-07,control-owner-fraud,2026-07-15
R0081,AC-07,control-owner-fraud,2026-07-15
R0261,AC-07,control-owner-fraud,2026-07-15
R0273,AC-07,control-owner-fraud,2026-07-15
R0140,AC-08,control-owner-fraud,2026-07-15
R0142,AC-09,control-owner-fraud,2026-07-15
R0250,AC-09,control-owner-fraud,2026-07-15
R0310,AC-09,control-owner-fraud,2026-07-15
R0322,AC-09,control-owner-fraud,2026-07-15
R0096,AC-10,control-owner-fraud,2026-07-15
R0108,AC-10,control-owner-fraud,2026-07-15
R0228,AC-10,control-owner-fraud,2026-07-15
R0252,AC-10,control-owner-fraud,2026-07-15
R0043,AC-11,control-owner-fraud,2026-07-15
R0079,AC-11,control-owner-fraud,2026-07-15
R0247,AC-11,control-owner-fraud,2026-07-15
R0307,AC-11,control-owner-fraud,2026-07-15
R0002,AC-12,control-owner-fraud,2024-02-01
R0038,AC-12,control-owner-fraud,2026-07-15
R0158,AC-12,control-owner-fraud,2026-07-15
R0242,AC-12,control-owner-fraud,2026-07-15
R0302,AC-12,control-owner-fraud,2026-07-15
